scholarship,university_transport,has_laptop,has_consulted_teacher,co_curricular,health_issues,study_hours,study_sessions,on_probation,is_suspended,skills_development_hours,current_gpa,performance_group,social_risk,gpa_improvement,study_time_per_Session,learning_mode_Offline,learning_mode_Online,english_proficiency_Advance,english_proficiency_Basic,english_proficiency_Intermediate,living_arrangement_Bachelor,living_arrangement_Family,attendance_bin_Low,attendance_bin_Medium,attendance_bin_High,income_bin_Low,income_bin_Medium,income_bin_High
1,0,1,1,0,0,2.0,2.0,1,0,1.0,3.64,Good,1.0,-0.1599999999999997,1.0,1,0,0,1,0,1,0,0,0,1,1,0,0
0,0,1,0,0,1,3.5,2.0,0,0,1.0,3.53,Good,0.5714285714285714,0.1299999999999999,1.75,1,0,0,1,0,1,0,0,0,1,1,0,0
1,1,1,1,1,0,2.0,1.0,0,0,3.0,3.89,Good,0.5,-0.040000000000000036,2.0,1,0,0,1,0,0,1,0,0,1,1,0,0
1,0,1,1,0,0,1.0,2.0,0,0,1.0,3.5,Average,3.0,0.3999999999999999,0.5,0,1,1,0,0,0,1,0,0,1,1,0,0
1,0,1,1,1,0,3.0,2.0,0,0,1.0,3.65,Good,0.6666666666666666,-0.16000000000000014,1.5,1,0,0,0,1,1,0,0,0,1,1,0,0
1,1,1,1,1,1,1.5,1.5,0,0,1.0,3.81,Average,0.6666666666666666,-0.08000000000000007,1.0,0,1,1,0,0,1,0,0,1,0,1,0,0
0,0,1,1,0,0,3.0,2.0,0,0,2.0,3.82,Excellent,0.3333333333333333,0.029999999999999805,1.5,1,0,0,1,0,0,1,0,0,1,0,1,0
1,1,1,1,1,1,2.5,2.0,1,0,3.0,3.48,Good,1.6,-0.06999999999999984,1.25,0,1,0,0,1,0,1,0,0,1,1,0,0
1,1,1,1,1,1,2.0,1.0,0,0,2.0,3.32,Good,1.0,0.040000000000000036,2.0,0,1,0,0,1,1,0,0,0,1,1,0,0
0,0,1,0,0,0,2.5,2.0,0,0,1.0,3.88,Good,1.2,0.10000000000000009,1.25,1,0,0,1,0,0,1,0,0,1,0,0,1
1,1,1,0,1,0,2.5,2.0,0,0,1.0,4.0,Good,0.8,0.0,1.25,1,0,0,0,1,0,1,0,0,1,1,0,0
1,0,1,0,0,0,3.5,1.0,0,0,1.0,3.9,Excellent,0.5714285714285714,0.0,3.5,1,0,0,0,1,0,1,0,0,1,0,1,0
1,0,1,1,0,0,3.0,2.0,0,0,1.0,3.8,Average,1.6666666666666667,-0.040000000000000036,1.5,1,0,0,0,1,1,0,0,0,1,1,0,0
1,0,1,1,1,0,2.0,2.0,0,0,2.0,3.52,Poor,2.0,0.20999999999999996,1.0,1,0,0,0,1,1,0,1,0,0,0,0,1
1,0,1,1,0,0,1.0,1.0,0,0,2.0,3.67,Average,5.0,0.17999999999999972,1.0,1,0,0,0,1,1,0,0,1,0,1,0,0
0,0,1,1,0,0,4.0,1.0,0,0,2.0,2.74,Poor,0.5,-0.3299999999999996,4.0,0,1,0,0,1,1,0,0,0,1,1,0,0
0,1,1,1,0,0,3.0,1.0,0,0,1.0,3.5,Good,0.3333333333333333,-0.2599999999999998,3.0,1,0,0,0,1,0,1,0,0,1,0,1,0
0,1,1,0,0,0,3.0,2.0,0,0,2.0,2.8,Average,1.0,0.09999999999999964,1.5,1,0,0,0,1,0,1,0,0,1,1,0,0
0,1,1,1,1,0,3.0,1.0,0,0,1.0,3.39,Good,0.3333333333333333,-0.2599999999999998,3.0,1,0,0,0,1,0,1,0,0,1,0,1,0
1,0,1,0,1,0,6.0,2.0,0,0,5.0,3.1,Average,0.5,-0.7399999999999998,3.0,1,0,0,0,1,1,0,0,0,1,1,0,0
1,0,0,1,1,0,3.0,1.0,0,0,1.0,3.58,Good,0.3333333333333333,0.08000000000000007,3.0,1,0,0,0,1,0,1,0,0,1,1,0,0
1,1,1,0,1,0,4.0,2.0,0,0,2.0,3.82,Excellent,0.5,0.43999999999999995,2.0,1,0,0,0,1,0,1,0,0,1,1,0,0
0,0,1,1,1,0,2.0,3.0,1,0,1.0,2.69,Poor,1.5,0.8,0.67,1,0,0,1,0,1,0,0,0,1,1,0,0
1,0,0,1,1,0,7.0,3.0,0,0,1.0,3.77,Excellent,0.42857142857142855,0.06999999999999984,2.33,1,0,1,0,0,0,1,0,0,1,1,0,0
1,0,1,0,0,1,2.0,1.0,1,0,4.0,2.53,Poor,1.0,-0.5188888888888887,2.0,1,0,0,0,1,1,0,1,0,0,1,0,0
0,0,1,1,1,0,2.0,2.0,1,1,5.0,2.66,Poor,2.0,0.45999999999999996,1.0,1,0,0,1,0,1,0,1,0,0,0,1,0
1,0,1,1,0,1,1.5,2.0,1,0,4.0,2.6,Poor,2.6666666666666665,0.0,0.75,1,0,1,0,0,1,0,0,0,1,1,0,0
0,1,1,1,0,1,3.0,2.0,0,0,2.0,2.91,Average,1.0,0.20999999999999996,1.5,1,0,0,0,1,0,1,0,0,1,0,0,1
0,0,1,1,1,0,2.0,2.0,1,1,2.0,2.99,Average,0.5,0.1200000000000001,1.0,0,1,0,0,1,0,1,0,0,1,1,0,0
0,1,1,0,1,1,1.0,1.0,0,0,1.0,2.92,Poor,1.0,0.21999999999999975,1.0,1,0,0,0,1,0,1,1,0,0,1,0,0
0,1,1,0,0,1,3.5,2.0,1,0,2.0,2.96,Poor,0.2857142857142857,-0.020000000000000018,1.75,1,0,0,1,0,1,0,1,0,0,1,0,0
0,0,1,0,0,0,3.0,4.0,0,0,6.0,2.9,Average,0.6666666666666666,-0.6200000000000001,0.75,1,0,0,0,1,1,0,0,0,1,1,0,0
1,1,1,1,1,0,4.0,2.0,0,0,2.0,3.08,Average,0.75,-0.3999999999999999,2.0,1,0,0,0,1,1,0,0,0,1,1,0,0
0,0,1,1,1,0,6.0,4.0,1,0,4.0,2.68,Poor,0.3333333333333333,-0.48,1.5,0,1,1,0,0,0,1,1,0,0,0,1,0
0,0,1,1,0,0,2.5,3.0,1,0,1.0,2.42,Poor,0.4,0.5,0.83,1,0,0,1,0,0,1,0,0,1,0,1,0
0,1,1,1,0,0,5.0,3.5,0,0,2.0,3.23,Good,0.6,-0.06000000000000005,1.43,1,0,0,0,1,1,0,0,0,1,1,0,0
0,1,1,0,0,1,3.0,1.0,1,0,3.0,2.22,Poor,1.6666666666666667,0.2200000000000002,3.0,1,0,0,1,0,1,0,0,1,0,1,0,0
0,0,1,1,0,1,5.5,1.0,1,0,2.0,3.24,Average,0.5454545454545454,-0.05999999999999961,5.5,1,0,0,0,1,1,0,0,1,0,0,1,0
0,0,1,1,0,0,1.5,2.0,0,0,6.0,2.76,Poor,2.0,-0.25,0.75,0,1,0,0,1,1,0,0,0,1,0,1,0
0,0,1,1,0,0,3.0,2.0,0,0,2.0,3.3,Good,1.0,0.09999999999999964,1.5,1,0,0,1,0,1,0,0,0,1,1,0,0
0,1,1,1,1,0,3.0,2.0,1,1,2.0,2.4,Poor,1.3333333333333333,0.0,1.5,1,0,0,1,0,0,1,1,0,0,0,1,0
1,1,1,0,1,0,4.5,2.0,0,0,1.0,2.75,Poor,0.4444444444444444,0.5899999999999999,2.25,1,0,0,0,1,0,1,0,0,1,1,0,0
0,0,1,1,0,0,5.0,3.0,1,0,4.0,2.31,Poor,0.4,-0.7388888888888885,1.67,1,0,0,0,1,1,0,0,0,1,0,1,0
0,1,1,0,0,1,2.0,3.0,0,0,3.0,2.51,Poor,1.5,0.7599999999999998,0.67,1,0,0,1,0,0,1,0,1,0,0,1,0
0,0,1,1,0,0,3.0,2.0,0,0,3.0,3.39,Average,0.6666666666666666,0.79,1.5,1,0,1,0,0,0,1,0,0,1,0,0,1
1,0,1,0,0,0,7.0,2.5,0,0,6.0,3.5,Good,0.14285714285714285,0.16999999999999993,2.8,1,0,0,0,1,1,0,0,0,1,1,0,0
0,0,1,0,1,0,3.0,2.0,0,0,2.0,3.92,Excellent,0.6666666666666666,-0.08000000000000007,1.5,1,0,0,0,1,1,0,0,0,1,1,0,0
1,1,1,1,1,0,6.0,3.0,0,0,3.0,3.25,Good,0.3333333333333333,0.0,2.0,1,0,0,1,0,0,1,0,0,1,1,0,0
1,0,1,1,1,0,1.0,1.0,0,0,2.0,3.1,Average,1.0,-0.3599999999999999,1.0,1,0,0,1,0,0,1,0,0,1,1,0,0
1,0,1,0,0,0,1.5,2.0,0,0,1.0,3.73,Average,1.3333333333333333,0.0,0.75,1,0,0,0,1,1,0,0,1,0,1,0,0
0,1,1,1,0,0,3.0,2.0,1,0,5.0,2.0,Poor,0.3333333333333333,0.0,1.5,0,1,0,1,0,0,1,0,0,1,1,0,0
1,1,1,1,1,0,2.0,1.0,0,0,1.0,3.56,Average,2.5,-0.21999999999999975,2.0,1,0,0,0,1,1,0,0,1,0,1,0,0
1,1,1,1,1,0,6.0,4.0,0,0,2.0,3.02,Average,0.16666666666666666,-0.3999999999999999,1.5,1,0,0,0,1,0,1,0,0,1,0,1,0
0,0,1,1,0,1,4.0,3.5,1,0,1.0,3.2,Average,1.25,-0.2999999999999998,1.14,0,1,1,0,0,1,0,0,0,1,1,0,0
1,0,1,1,1,0,2.5,2.0,0,0,2.0,3.26,Good,1.2,0.0,1.25,1,0,0,0,1,1,0,0,0,1,1,0,0
1,1,1,0,0,0,2.5,2.0,1,0,1.0,3.8,Poor,0.8,-0.10000000000000009,1.25,1,0,0,1,0,0,1,1,0,0,1,0,0
1,1,1,0,0,0,2.0,1.0,0,0,1.0,3.68,Average,2.5,-0.020000000000000018,2.0,0,1,0,0,1,0,1,0,0,1,0,1,0
0,0,1,0,0,0,3.0,2.0,0,0,1.0,3.65,Good,1.0,-0.16999999999999993,1.5,1,0,0,0,1,1,0,0,0,1,1,0,0
1,0,1,0,1,0,5.0,2.0,0,0,2.0,3.72,Average,1.0,-0.1299999999999999,2.5,1,0,1,0,0,0,1,0,0,1,0,1,0
0,1,1,1,1,0,2.5,2.0,1,0,3.0,2.84,Average,1.2,-0.26000000000000023,1.25,1,0,1,0,0,1,0,0,0,1,1,0,0
1,0,0,1,0,0,2.0,2.0,0,0,0.0,2.67,Poor,3.0,0.0,1.0,0,1,0,0,1,1,0,0,0,1,1,0,0
0,1,1,0,0,0,3.0,2.0,0,0,1.0,3.6,Average,0.3333333333333333,-0.21999999999999975,1.5,1,0,0,0,1,1,0,0,1,0,1,0,0
1,1,1,0,1,0,5.0,2.0,0,0,1.0,3.72,Good,0.4,0.0,2.5,1,0,0,1,0,0,1,0,0,1,1,0,0
0,1,1,1,0,0,2.0,1.0,0,0,1.0,3.56,Good,1.0,0.050000000000000266,2.0,1,0,0,0,1,0,1,0,0,1,1,0,0
0,0,0,1,0,1,7.0,3.5,0,0,5.0,3.35,Good,0.5714285714285714,-0.1299999999999999,2.0,0,1,0,0,1,1,0,0,0,1,1,0,0
0,0,1,1,0,0,3.5,2.0,0,0,1.0,2.99,Average,0.8571428571428571,0.3400000000000003,1.75,1,0,0,1,0,1,0,0,0,1,0,1,0
0,1,1,1,1,0,6.5,3.5,0,0,5.0,3.42,Good,0.3076923076923077,-0.30000000000000027,1.86,0,1,0,0,1,1,0,0,0,1,1,0,0
1,0,0,1,0,0,3.5,2.0,1,0,1.0,3.0406118143459917,Poor,0.8571428571428571,1.0806118143459917,1.75,0,1,0,1,0,1,0,0,1,0,1,0,0
1,1,1,1,1,0,2.0,3.0,0,0,2.0,3.6,Good,0.5,0.2200000000000002,0.67,1,0,1,0,0,0,1,0,0,1,0,1,0
0,1,1,0,1,0,7.0,2.0,1,0,1.0,2.8,Average,0.2857142857142857,0.0,3.5,0,1,0,0,1,0,1,0,1,0,1,0,0
0,0,1,1,0,1,5.0,2.0,0,0,2.0,3.59,Good,0.8,0.22999999999999998,2.5,0,1,0,0,1,0,1,0,0,1,1,0,0
0,0,1,1,0,0,2.5,2.0,0,0,1.0,3.1,Average,1.6,-0.22999999999999998,1.25,1,0,0,0,1,1,0,0,1,0,1,0,0
0,0,1,1,1,1,1.5,1.0,1,0,2.0,2.54,Poor,1.3333333333333333,0.43000000000000016,1.5,0,1,0,0,1,0,1,0,0,1,0,1,0
0,0,1,1,0,1,1.0,1.0,0,0,6.0,3.05,Poor,6.0,0.21999999999999975,1.0,1,0,0,1,0,0,1,0,0,1,1,0,0
1,1,1,0,1,0,3.5,2.0,1,0,1.0,2.2,Poor,1.1428571428571428,0.0,1.75,0,1,0,0,1,0,1,0,0,1,1,0,0
0,1,1,1,1,0,6.0,2.0,0,0,3.0,3.22,Poor,1.0,0.020000000000000018,3.0,1,0,0,0,1,0,1,0,0,1,0,1,0
0,0,1,1,1,0,4.0,2.0,1,0,2.0,3.2,Poor,0.25,0.3900000000000001,2.0,1,0,0,0,1,1,0,1,0,0,1,0,0
0,0,1,0,1,0,5.0,2.0,0,0,5.0,3.48,Good,0.4,0.0,2.5,1,0,0,1,0,1,0,0,0,1,1,0,0
1,0,1,0,0,1,5.5,1.0,0,0,4.0,3.39,Poor,1.0909090909090908,-0.6099999999999999,5.5,1,0,0,0,1,0,1,0,0,1,0,1,0
1,1,1,0,0,0,2.0,3.5,1,0,4.0,4.0,Poor,3.0,0.0,0.57,1,0,0,1,0,0,1,0,0,1,1,0,0
1,1,1,0,0,0,4.0,2.0,0,0,1.0,3.5,Poor,1.5,-0.20000000000000018,2.0,1,0,0,0,1,1,0,0,0,1,0,1,0
1,1,1,0,0,0,4.0,3.0,0,0,3.0,3.0406118143459917,Poor,1.25,-0.6393881856540085,1.33,1,0,0,0,1,0,1,0,0,1,1,0,0
1,0,1,0,0,0,5.0,2.0,0,0,2.0,3.3,Good,0.4,0.0,2.5,1,0,0,0,1,1,0,0,0,1,0,1,0
0,0,1,1,1,0,4.5,2.0,0,0,6.0,3.1,Average,0.4444444444444444,-0.75,2.25,0,1,0,0,1,1,0,0,0,1,1,0,0
1,0,1,1,0,0,2.0,2.0,0,0,5.0,3.78,Good,1.5,-0.2200000000000002,1.0,0,1,0,0,1,1,0,0,0,1,0,1,0
0,0,1,0,1,0,4.0,2.0,0,0,2.0,2.91,Average,0.25,-0.06999999999999984,2.0,1,0,0,0,1,0,1,0,0,1,1,0,0
1,1,1,0,1,0,5.0,2.0,0,0,4.0,3.75,Poor,1.4,0.10999999999999988,2.5,1,0,1,0,0,0,1,0,0,1,1,0,0
1,0,1,0,0,0,6.5,2.0,0,0,2.0,3.58,Good,0.15384615384615385,0.020000000000000018,3.25,1,0,0,0,1,1,0,0,0,1,1,0,0
0,1,1,1,0,0,1.0,1.0,0,0,1.0,3.1,Poor,2.0,1.4200000000000002,1.0,1,0,1,0,0,0,1,1,0,0,1,0,0
0,1,1,0,0,0,3.0,3.0,0,0,2.0,2.54,Poor,1.6666666666666667,0.0,1.0,0,1,0,1,0,1,0,0,1,0,1,0,0
0,0,1,0,0,0,7.0,3.0,0,0,1.0,3.9,Excellent,0.14285714285714285,0.0,2.33,1,0,0,1,0,1,0,0,0,1,0,1,0
1,1,1,1,0,0,6.0,3.0,0,0,1.0,3.77,Excellent,0.5,-0.06999999999999984,2.0,1,0,0,1,0,0,1,0,0,1,0,1,0
1,1,1,1,1,1,1.0,2.0,0,0,6.0,3.39,Poor,7.0,-0.29000000000000004,0.5,1,0,0,0,1,1,0,1,0,0,1,0,0
1,1,1,0,0,0,2.0,1.0,0,0,2.0,3.14,Average,1.0,0.0,2.0,1,0,1,0,0,0,1,0,0,1,1,0,0
0,0,1,1,0,0,4.5,2.0,0,0,1.0,3.23,Good,0.8888888888888888,-0.45999999999999996,2.25,1,0,0,0,1,1,0,0,0,1,1,0,0
0,0,1,1,0,0,3.0,2.0,0,0,6.0,3.08,Average,0.3333333333333333,0.3500000000000001,1.5,0,1,0,0,1,1,0,0,0,1,1,0,0
0,0,1,0,0,0,2.5,2.0,0,0,3.0,3.0,Average,0.4,-0.48,1.25,0,1,0,0,1,1,0,0,1,0,1,0,0
1,1,1,1,1,0,5.0,2.0,0,0,2.0,3.39,Poor,1.4,0.7800000000000002,2.5,0,1,0,0,1,0,1,0,0,1,1,0,0
0,0,1,1,1,0,1.0,1.0,1,0,1.0,2.68,Poor,2.0,-0.11999999999999966,1.0,1,0,0,0,1,1,0,0,0,1,0,1,0
0,0,1,1,0,0,1.5,3.0,1,0,2.0,2.15,Poor,2.0,0.6299999999999999,0.5,1,0,0,1,0,1,0,0,0,1,1,0,0
0,0,1,1,1,0,2.0,2.0,0,0,2.0,3.08,Average,1.5,-0.040000000000000036,1.0,1,0,0,0,1,1,0,0,0,1,1,0,0
0,0,1,1,0,0,5.0,3.5,0,0,3.0,3.33,Good,0.2,-0.3500000000000001,1.43,1,0,0,0,1,0,1,0,0,1,1,0,0
1,0,1,0,0,0,2.5,2.0,0,0,2.0,3.72,Good,0.4,0.3600000000000003,1.25,0,1,0,1,0,1,0,0,0,1,1,0,0
1,0,1,0,0,0,1.0,1.0,0,0,2.0,3.83,Average,4.0,0.0,1.0,1,0,0,0,1,0,1,0,0,1,1,0,0
0,1,1,1,0,0,4.0,2.0,0,0,4.0,2.98,Poor,0.25,1.0,2.0,0,1,0,0,1,0,1,0,0,1,1,0,0
0,1,1,0,0,1,3.5,2.0,0,0,2.0,3.39,Good,0.5714285714285714,0.020000000000000018,1.75,1,0,0,0,1,0,1,0,0,1,1,0,0
1,0,0,0,0,0,5.0,3.0,0,0,2.0,3.39,Good,0.6,-1.1099999999999999,1.67,1,0,0,1,0,0,1,0,0,1,1,0,0
0,0,1,1,0,0,3.5,2.0,0,0,2.0,2.84,Average,0.8571428571428571,0.04999999999999982,1.75,0,1,0,1,0,0,1,0,0,1,1,0,0
1,0,1,1,1,0,5.5,3.5,0,0,1.0,3.65,Good,0.5454545454545454,0.1299999999999999,1.57,1,0,0,0,1,1,0,0,0,1,1,0,0
1,1,1,1,0,0,1.5,2.0,0,0,1.0,3.79,Average,1.3333333333333333,-0.06000000000000005,0.75,0,1,0,0,1,0,1,0,0,1,1,0,0
1,0,1,0,1,1,4.0,2.0,1,0,2.0,2.89,Poor,1.25,-0.11999999999999966,2.0,0,1,1,0,0,1,0,1,0,0,0,1,0
1,0,1,1,0,0,3.5,2.0,0,0,2.0,3.18,Average,0.5714285714285714,0.0,1.75,1,0,1,0,0,0,1,0,0,1,0,1,0
1,1,1,1,1,0,5.0,3.5,0,0,2.0,3.89,Average,1.0,0.16999999999999993,1.43,1,0,0,0,1,1,0,0,0,1,0,1,0
1,1,0,1,0,1,3.5,2.0,0,0,3.0,2.9,Poor,2.0,0.10000000000000009,1.75,0,1,0,0,1,0,1,1,0,0,0,0,1
1,0,1,1,0,0,2.0,2.0,0,0,1.0,3.56,Good,1.5,0.14000000000000012,1.0,0,1,0,1,0,0,1,0,0,1,0,1,0
1,0,1,0,0,0,3.5,2.0,0,0,1.0,3.03,Poor,0.8571428571428571,0.5399999999999996,1.75,1,0,0,1,0,1,0,0,1,0,1,0,0
0,1,1,1,0,0,2.0,1.0,0,0,1.0,4.67,Good,1.5,0.08000000000000007,2.0,1,0,0,0,1,0,1,0,0,1,0,1,0
1,1,1,1,0,1,3.0,2.0,0,0,1.0,3.67,Good,0.6666666666666666,-0.18999999999999995,1.5,1,0,0,0,1,0,1,0,0,1,1,0,0
1,1,1,0,1,0,6.0,3.5,0,0,2.0,3.7,Good,0.3333333333333333,-0.11999999999999966,1.71,0,1,0,0,1,0,1,0,0,1,0,1,0
1,0,1,1,0,0,2.0,1.0,0,0,1.0,3.1,Average,1.0,-0.48,2.0,0,1,0,0,1,0,1,0,1,0,1,0,0
0,0,1,1,0,0,5.5,2.0,0,0,2.0,2.8,Average,0.36363636363636365,0.22999999999999998,2.75,1,0,0,0,1,1,0,0,0,1,1,0,0
1,0,1,1,1,1,5.0,2.0,0,0,2.0,3.92,Excellent,0.4,0.06000000000000005,2.5,1,0,1,0,0,1,0,0,0,1,1,0,0
0,0,1,1,1,0,3.0,1.0,0,0,1.0,3.0406118143459917,Poor,1.0,-0.9593881856540083,3.0,1,0,0,0,1,1,0,0,1,0,1,0,0
0,0,1,0,1,0,1.0,2.0,1,0,1.0,3.4,Average,2.0,0.2999999999999998,0.5,0,1,0,0,1,1,0,0,0,1,1,0,0
1,0,1,1,0,1,1.0,2.0,0,0,1.0,3.65,Average,1.0,-0.03000000000000025,0.5,1,0,0,1,0,0,1,0,0,1,0,1,0
1,1,1,1,0,0,7.0,2.0,0,0,0.0,3.4,Poor,0.42857142857142855,0.0,3.5,1,0,0,1,0,0,1,1,0,0,1,0,0
1,1,1,1,0,1,4.0,2.0,0,0,2.0,2.95,Poor,0.5,0.5,2.0,1,0,1,0,0,0,1,1,0,0,0,1,0
0,1,1,1,0,0,2.5,2.0,1,0,1.0,2.89,Poor,1.2,0.4900000000000002,1.25,1,0,0,0,1,0,1,0,1,0,1,0,0
1,1,1,1,1,0,4.5,2.0,0,0,3.0,3.2,Good,0.2222222222222222,-0.27,2.25,1,0,0,0,1,0,1,0,0,1,0,1,0
0,1,1,0,0,0,1.0,1.0,0,0,1.0,3.05,Average,1.0,0.52,1.0,1,0,0,0,1,1,0,0,0,1,1,0,0
1,1,0,1,1,1,1.0,1.0,1,0,1.0,2.72,Poor,3.0,0.16000000000000014,1.0,1,0,0,1,0,0,1,0,0,1,0,1,0
0,0,1,0,1,0,2.5,2.0,1,0,2.0,2.56,Poor,0.4,0.20000000000000018,1.25,0,1,0,1,0,0,1,0,1,0,1,0,0
1,1,1,1,0,0,2.5,2.0,0,0,1.0,2.73,Poor,0.4,-0.45999999999999996,1.25,0,1,0,0,1,1,0,0,0,1,1,0,0
0,1,1,0,0,0,6.0,3.0,0,0,2.0,3.07,Average,0.3333333333333333,-0.03000000000000025,2.0,1,0,0,1,0,0,1,0,0,1,0,1,0
1,0,1,0,1,0,4.5,2.0,0,0,2.0,3.0,Average,1.1111111111111112,-0.2799999999999998,2.25,1,0,0,0,1,1,0,0,0,1,0,1,0
1,0,1,1,1,0,5.0,2.0,0,0,1.0,3.6,Good,0.6,0.0,2.5,1,0,0,1,0,1,0,0,0,1,1,0,0
1,0,1,1,0,0,3.5,1.0,0,0,1.0,3.7,Good,0.2857142857142857,-0.04999999999999982,3.5,1,0,0,0,1,1,0,0,0,1,0,1,0
0,0,1,0,1,0,1.0,1.0,0,0,2.0,3.92,Average,3.0,0.06999999999999984,1.0,0,1,0,0,1,0,1,0,0,1,1,0,0
1,1,1,0,0,0,3.5,2.0,0,0,1.0,2.68,Poor,0.5714285714285714,0.0,1.75,1,0,0,1,0,0,1,0,0,1,0,1,0
1,0,1,1,0,0,3.0,2.0,0,0,3.0,3.18,Average,0.3333333333333333,0.0,1.5,0,1,0,0,1,1,0,0,0,1,1,0,0
1,0,1,1,0,0,2.0,1.0,0,0,2.0,3.4,Good,0.5,0.009999999999999787,2.0,1,0,0,0,1,0,1,0,0,1,1,0,0
0,0,1,1,0,1,3.5,1.0,0,0,1.0,3.38,Good,1.1428571428571428,0.3999999999999999,3.5,0,1,0,0,1,1,0,0,0,1,0,1,0
0,0,1,0,0,0,7.0,2.0,1,0,5.0,3.39,Good,0.42857142857142855,-0.31000000000000005,3.5,1,0,0,0,1,0,1,0,0,1,0,1,0
0,1,1,1,0,0,1.0,2.0,1,0,2.0,2.95,Average,2.0,-0.2999999999999998,0.5,1,0,1,0,0,0,1,0,1,0,1,0,0
0,1,1,0,0,0,2.5,1.0,0,0,1.0,3.21,Good,1.2,0.18000000000000016,2.5,0,1,0,1,0,0,1,0,0,1,1,0,0
0,0,1,0,0,0,2.0,2.0,0,0,1.0,3.18,Average,1.5,0.08000000000000007,1.0,1,0,0,0,1,1,0,0,0,1,0,1,0
1,1,1,1,0,0,2.0,1.0,0,0,1.0,3.7,Good,1.5,0.0,2.0,1,0,0,0,1,0,1,0,0,1,0,0,1
1,1,1,1,1,0,7.0,3.5,1,0,4.0,4.0,Poor,0.8571428571428571,0.0,2.0,1,0,0,0,1,0,1,1,0,0,1,0,0
1,1,1,1,1,0,1.5,2.0,0,0,1.0,3.45,Average,1.3333333333333333,0.27,0.75,1,0,0,0,1,1,0,0,1,0,1,0,0
1,1,1,1,0,0,3.0,2.0,0,0,1.0,3.74,Good,1.0,0.13000000000000034,1.5,1,0,0,1,0,0,1,0,0,1,1,0,0
1,0,1,0,0,0,2.0,1.0,0,0,1.0,3.22,Poor,0.0,0.2100000000000004,2.0,0,1,0,0,1,0,1,1,0,0,0,1,0
0,1,1,0,0,1,2.0,2.0,0,0,2.0,3.36,Average,2.5,0.10000000000000009,1.0,1,0,0,1,0,0,1,0,1,0,1,0,0
1,0,1,0,1,0,1.0,1.0,0,0,2.0,3.72,Average,2.0,0.1200000000000001,1.0,1,0,0,0,1,1,0,0,0,1,0,0,1
0,0,1,0,0,1,2.0,3.0,0,0,2.0,3.01,Average,1.5,-0.11000000000000032,0.67,1,0,0,1,0,1,0,0,0,1,0,1,0
1,0,1,1,1,0,4.0,2.0,0,0,2.0,3.93,Excellent,0.5,-1.0699999999999998,2.0,1,0,0,1,0,1,0,0,0,1,0,1,0
1,0,1,0,1,0,5.5,2.0,1,0,1.0,3.55,Poor,1.0909090909090908,0.5499999999999998,2.75,0,1,1,0,0,1,0,0,0,1,0,0,1
0,0,1,1,1,0,1.0,2.0,1,0,6.0,2.44,Poor,3.0,0.8299999999999998,0.5,0,1,0,1,0,0,1,0,0,1,1,0,0
1,1,1,0,0,0,1.0,1.0,0,0,1.0,3.15,Average,3.0,0.3599999999999999,1.0,0,1,0,1,0,0,1,0,1,0,1,0,0
0,0,0,0,0,0,2.0,1.0,0,0,2.0,3.4,Good,1.5,-0.43000000000000016,2.0,1,0,0,0,1,1,0,0,0,1,1,0,0
1,1,1,1,0,0,3.0,1.0,0,0,3.0,3.27,Good,0.6666666666666666,-0.31000000000000005,3.0,0,1,1,0,0,0,1,0,0,1,1,0,0
1,1,1,1,0,0,3.5,1.0,0,0,2.0,3.19,Average,1.1428571428571428,-0.20000000000000018,3.5,1,0,0,1,0,0,1,0,0,1,0,1,0
1,0,1,0,0,0,3.5,2.0,0,0,2.0,3.37,Good,0.5714285714285714,-0.009999999999999787,1.75,1,0,0,0,1,1,0,0,0,1,1,0,0
1,0,1,1,0,1,3.5,2.0,0,0,1.0,3.15,Average,0.2857142857142857,0.1200000000000001,1.75,1,0,0,0,1,1,0,0,0,1,1,0,0
1,1,1,1,1,0,1.5,1.0,0,0,2.0,3.7,Average,0.6666666666666666,0.050000000000000266,1.5,1,0,0,0,1,0,1,0,0,1,1,0,0
0,1,1,1,0,1,3.5,1.0,0,0,1.0,2.69,Poor,0.5714285714285714,-0.4900000000000002,3.5,1,0,0,0,1,0,1,0,1,0,1,0,0
1,1,1,1,1,0,3.0,2.0,0,0,2.0,3.39,Good,0.6666666666666666,-0.3899999999999997,1.5,1,0,0,1,0,0,1,0,0,1,1,0,0
1,1,1,0,1,0,1.0,1.0,0,0,3.0,3.38,Poor,4.0,0.8199999999999998,1.0,1,0,0,0,1,0,1,1,0,0,1,0,0
1,0,1,0,0,1,2.0,2.0,0,0,0.0,3.1,Poor,3.5,0.16000000000000014,1.0,1,0,0,1,0,0,1,0,0,1,0,1,0
0,0,1,1,0,0,3.5,2.5,1,0,2.0,2.88,Poor,1.1428571428571428,0.52,1.4,1,0,0,0,1,0,1,0,0,1,0,1,0
1,0,0,1,0,0,3.0,2.0,0,0,2.0,3.8,Average,1.6666666666666667,0.0,1.5,0,1,0,0,1,0,1,0,0,1,1,0,0
0,1,1,1,0,0,2.5,2.0,0,0,3.0,2.91,Average,2.0,-0.08999999999999986,1.25,0,1,0,0,1,0,1,0,1,0,1,0,0
0,1,0,1,1,0,2.0,1.0,0,0,1.0,2.66,Poor,2.5,0.3400000000000003,2.0,1,0,0,1,0,0,1,0,1,0,1,0,0
1,0,1,1,1,1,2.0,1.0,0,0,1.0,3.37,Average,1.5,0.48,2.0,1,0,0,0,1,1,0,0,0,1,0,1,0
1,1,1,0,0,0,2.0,3.0,0,0,2.0,3.39,Good,1.0,0.2200000000000002,0.67,1,0,0,1,0,0,1,0,0,1,1,0,0
1,1,1,0,0,1,2.0,2.0,1,0,2.0,2.31,Poor,2.5,0.050000000000000266,1.0,1,0,0,1,0,0,1,0,0,1,1,0,0
1,0,1,0,0,0,5.0,2.0,0,0,1.0,3.65,Good,0.4,0.0,2.5,1,0,0,1,0,1,0,0,0,1,1,0,0
1,1,1,1,0,0,2.5,1.0,0,0,2.0,3.02,Average,2.0,-0.009999999999999787,2.5,1,0,0,0,1,0,1,0,0,1,0,1,0
1,1,1,1,0,1,2.5,2.0,0,0,0.0,3.44,Average,1.6,-0.4900000000000002,1.25,1,0,0,1,0,1,0,0,1,0,1,0,0
0,1,1,1,1,0,4.0,3.0,0,0,2.0,3.09,Average,0.5,0.08999999999999986,1.33,1,0,1,0,0,0,1,0,1,0,0,1,0
1,1,1,1,1,0,7.0,4.0,0,0,2.0,3.45,Good,0.2857142857142857,0.0,1.75,1,0,0,1,0,1,0,0,0,1,1,0,0
1,1,1,1,0,0,3.5,2.0,0,0,1.0,3.03,Average,0.2857142857142857,0.08999999999999986,1.75,1,0,0,1,0,0,1,0,0,1,1,0,0
1,1,1,0,1,0,7.0,2.0,0,0,3.0,3.95,Excellent,0.14285714285714285,0.020000000000000018,3.5,1,0,0,0,1,0,1,0,0,1,0,1,0
1,1,1,0,1,1,1.0,1.0,0,0,2.0,3.84,Average,2.0,-0.020000000000000018,1.0,0,1,0,0,1,0,1,0,1,0,0,1,0
0,1,1,0,0,0,4.0,2.0,1,0,1.0,2.84,Average,0.5,-0.0900000000000003,2.0,1,0,0,0,1,0,1,0,0,1,1,0,0
1,0,1,1,0,0,7.0,2.0,0,0,2.0,3.08,Average,0.14285714285714285,0.020000000000000018,3.5,0,1,0,0,1,1,0,0,1,0,1,0,0
1,1,1,1,0,0,3.3475298126064734,0.0,0,0,4.0,3.94,Excellent,0.8961832061068703,0.020000000000000018,0.0,1,0,0,0,1,0,1,0,0,1,0,1,0
0,1,1,0,1,0,2.0,1.0,0,0,1.0,3.53,Good,1.0,0.3599999999999999,2.0,1,0,0,0,1,0,1,0,0,1,1,0,0
1,1,1,0,0,0,2.0,2.0,0,0,1.0,3.39,Good,1.5,-0.23999999999999977,1.0,1,0,0,1,0,0,1,0,0,1,1,0,0
1,0,1,1,0,0,7.0,2.0,0,0,2.0,3.86,Excellent,0.2857142857142857,-0.1200000000000001,3.5,1,0,0,0,1,0,1,0,0,1,1,0,0
0,1,0,1,1,0,6.0,1.0,1,0,3.0,2.8,Average,0.3333333333333333,-0.5900000000000003,6.0,1,0,0,0,1,0,1,0,0,1,1,0,0
1,0,0,0,0,1,2.0,2.0,0,0,2.0,3.39,Good,1.5,-0.29000000000000004,1.0,0,1,0,0,1,1,0,0,0,1,1,0,0
1,0,1,1,1,0,5.0,3.0,1,0,3.0,3.83,Good,0.8,0.0,1.67,1,0,0,1,0,1,0,0,0,1,1,0,0
0,0,1,1,0,0,3.0,1.0,0,0,2.0,3.74,Good,1.3333333333333333,0.10000000000000009,3.0,1,0,0,0,1,1,0,0,0,1,0,1,0
1,1,1,1,0,0,2.0,1.0,0,0,1.0,3.38,Good,0.5,0.41999999999999993,2.0,1,0,0,0,1,0,1,0,0,1,1,0,0
0,1,1,1,1,0,3.0,2.0,1,0,2.0,3.39,Poor,0.3333333333333333,1.1400000000000001,1.5,1,0,0,0,1,1,0,0,0,1,1,0,0
1,0,1,0,1,1,5.0,2.0,0,0,2.0,3.8,Excellent,0.4,0.0,2.5,1,0,0,0,1,1,0,0,0,1,1,0,0
1,1,1,1,0,0,1.0,2.0,0,0,1.0,3.5,Average,5.0,0.009999999999999787,0.5,0,1,0,0,1,0,1,0,0,1,1,0,0
1,1,1,0,0,0,2.5,1.5,0,0,1.0,3.0,Poor,0.8,0.8900000000000001,1.67,1,0,0,0,1,0,1,1,0,0,0,1,0
1,0,1,1,0,0,2.5,1.5,1,1,2.0,3.42,Good,1.2,0.0,1.67,1,0,0,0,1,0,1,0,0,1,1,0,0
1,0,1,1,1,1,5.0,2.0,0,0,2.0,3.93,Poor,1.2,-0.029999999999999805,2.5,1,0,0,0,1,1,0,0,0,1,1,0,0
0,1,1,1,0,0,7.0,3.0,1,0,4.0,3.26,Average,0.2857142857142857,0.3999999999999999,2.33,1,0,0,0,1,1,0,0,0,1,1,0,0
0,0,0,1,0,0,5.0,3.0,1,0,1.0,3.0406118143459917,Poor,0.8,2.5406118143459917,1.67,1,0,0,1,0,1,0,1,0,0,1,0,0
0,0,1,1,0,0,5.0,2.0,0,0,1.0,3.5,Good,0.6,0.0,2.5,1,0,0,0,1,0,1,0,0,1,1,0,0
1,0,1,0,0,0,1.0,2.0,0,0,2.0,3.0406118143459917,Poor,2.0,0.5206118143459917,0.5,1,0,0,1,0,0,1,0,0,1,0,1,0
0,1,1,0,0,0,4.5,1.5,0,0,3.0,3.71,Good,0.4444444444444444,-0.010000000000000231,3.0,1,0,0,0,1,0,1,0,0,1,0,1,0
1,0,1,1,1,0,5.0,2.0,0,0,1.0,3.35,Average,0.4,0.5500000000000003,2.5,0,1,0,0,1,0,1,0,0,1,0,1,0
1,0,1,1,0,0,3.5,2.0,0,0,1.0,3.99,Excellent,0.5714285714285714,0.010000000000000231,1.75,1,0,0,0,1,0,1,0,0,1,1,0,0
0,0,1,0,0,1,4.5,2.0,0,0,2.0,3.61,Good,0.6666666666666666,-0.07000000000000028,2.25,1,0,0,0,1,1,0,0,0,1,1,0,0
1,0,1,0,0,1,1.0,1.0,0,0,1.0,2.94,Average,5.0,-0.08999999999999986,1.0,1,0,0,0,1,0,1,0,0,1,0,1,0
0,0,1,1,0,1,3.0,2.0,0,0,1.0,3.18,Average,1.3333333333333333,-0.1599999999999997,1.5,1,0,0,0,1,0,1,0,0,1,1,0,0
1,1,1,1,1,0,7.0,2.0,0,0,1.0,3.39,Good,0.2857142857142857,0.0,3.5,1,0,0,1,0,0,1,0,0,1,0,1,0
0,1,1,1,0,0,3.5,2.0,0,0,1.0,3.55,Good,0.8571428571428571,-0.22999999999999998,1.75,1,0,0,0,1,0,1,0,0,1,1,0,0
0,1,1,1,0,0,2.0,2.0,1,0,5.0,2.97,Poor,3.5,1.9200000000000002,1.0,1,0,0,1,0,0,1,0,0,1,1,0,0
0,0,1,0,0,0,2.5,2.0,1,0,2.0,2.2,Poor,1.6,0.14000000000000012,1.25,1,0,0,1,0,1,0,0,1,0,1,0,0
1,0,1,0,0,0,3.0,1.0,0,0,2.0,3.39,Good,1.0,-0.2799999999999998,3.0,1,0,0,1,0,0,1,0,0,1,0,1,0
0,1,1,0,1,0,5.0,3.5,0,0,3.0,3.0406118143459917,Poor,0.6,-0.7393881856540081,1.43,1,0,0,0,1,0,1,0,0,1,1,0,0
1,0,1,0,1,1,1.0,2.0,1,0,2.0,2.61,Poor,1.0,0.98,0.5,0,1,0,0,1,0,1,0,0,1,0,1,0
1,0,1,1,1,0,2.0,1.0,0,0,2.0,3.39,Poor,3.0,0.2200000000000002,2.0,1,0,0,1,0,1,0,1,0,0,1,0,0
0,1,1,0,0,1,3.0,1.0,0,0,2.0,3.91,Excellent,0.6666666666666666,0.0900000000000003,3.0,1,0,0,0,1,0,1,0,0,1,0,1,0
0,0,0,1,0,0,2.0,2.0,0,0,2.0,2.55,Poor,2.0,0.0,1.0,1,0,0,1,0,1,0,0,0,1,1,0,0
1,1,1,1,0,0,2.0,2.0,0,0,1.0,3.89,Good,1.0,0.10000000000000009,1.0,0,1,0,0,1,0,1,0,0,1,1,0,0
1,0,0,0,1,0,2.0,1.0,0,0,0.0,4.0,Good,1.5,-1.0,2.0,1,0,0,1,0,1,0,0,0,1,1,0,0
0,1,1,1,0,0,4.0,2.0,0,0,2.0,3.62,Good,0.5,-0.13999999999999968,2.0,1,0,0,0,1,1,0,0,1,0,1,0,0
1,0,1,1,1,1,5.0,2.0,0,0,2.0,3.91,Good,0.8,0.16999999999999993,2.5,1,0,0,1,0,1,0,0,0,1,1,0,0
1,1,1,1,1,0,2.0,1.0,1,0,2.0,3.39,Good,0.25,-1.6099999999999999,2.0,1,0,0,1,0,1,0,0,0,1,1,0,0
1,0,1,0,0,0,2.5,2.5,0,0,1.0,3.2,Good,1.6,-0.17999999999999972,1.0,1,0,0,0,1,0,1,0,0,1,0,1,0
0,0,0,1,0,0,5.0,2.0,0,0,3.0,3.97,Excellent,0.6,-0.009999999999999787,2.5,1,0,0,0,1,1,0,0,0,1,0,1,0
1,0,1,1,1,1,2.0,2.0,1,0,2.0,2.1,Poor,0.5,0.0,1.0,0,1,0,1,0,1,0,0,0,1,1,0,0
1,0,1,0,1,0,3.0,1.0,1,0,1.0,2.25,Poor,1.6666666666666667,-0.4700000000000002,3.0,1,0,0,0,1,1,0,0,1,0,0,1,0
1,1,1,1,0,1,3.5,1.0,0,0,3.0,3.39,Good,0.8571428571428571,0.0900000000000003,3.5,1,0,1,0,0,0,1,0,0,1,0,1,0
1,0,1,1,0,0,4.0,2.0,0,0,2.0,3.72,Good,0.5,-0.2799999999999998,2.0,1,0,1,0,0,1,0,0,0,1,1,0,0
0,0,1,1,0,0,2.0,2.0,0,1,2.0,3.1,Average,1.5,0.0,1.0,1,0,0,1,0,1,0,0,0,1,1,0,0
1,0,1,1,0,0,1.5,1.0,1,0,1.0,2.01,Poor,2.0,-0.5500000000000003,1.5,1,0,1,0,0,1,0,0,0,1,1,0,0
1,1,1,0,1,1,2.5,3.5,0,0,1.0,3.21,Poor,2.8,0.0,0.71,1,0,0,0,1,1,0,0,1,0,1,0,0
0,0,0,1,1,1,4.0,2.0,1,0,1.0,3.38,Average,0.5,0.0,2.0,1,0,0,0,1,0,1,0,1,0,1,0,0
0,0,1,1,1,0,1.0,2.0,1,0,1.0,3.9,Average,4.0,0.0,0.5,1,0,0,1,0,1,0,0,0,1,1,0,0
1,1,1,1,0,0,2.0,1.0,0,0,1.0,3.95,Good,0.5,0.0,2.0,1,0,0,0,1,0,1,0,0,1,0,1,0
1,1,1,0,0,0,3.0,2.0,0,0,2.0,3.03,Average,1.0,0.0,1.5,1,0,0,0,1,0,1,0,0,1,0,1,0
0,1,1,0,1,1,7.0,1.0,1,0,2.0,2.56,Poor,0.7142857142857143,-0.029999999999999805,7.0,1,0,0,0,1,1,0,1,0,0,1,0,0
1,1,1,1,0,0,5.5,2.0,0,0,3.0,3.295,Good,0.7272727272727273,-0.15500000000000025,2.75,1,0,0,0,1,0,1,0,0,1,1,0,0
0,1,0,0,1,0,1.0,1.0,0,0,1.0,3.6,Average,4.0,0.0,1.0,1,0,0,1,0,0,1,0,1,0,1,0,0
0,0,1,1,1,0,6.0,3.5,1,0,5.0,3.53,Good,0.16666666666666666,0.0,1.71,0,1,0,1,0,1,0,0,0,1,1,0,0
1,0,1,1,1,0,3.0,2.0,0,0,2.0,3.69,Good,0.6666666666666666,-0.16999999999999993,1.5,1,0,0,0,1,0,1,0,0,1,0,1,0
0,1,1,1,1,0,3.5,2.0,0,0,2.0,2.4,Poor,1.1428571428571428,-1.08,1.75,1,0,1,0,0,0,1,0,0,1,1,0,0
0,0,1,0,0,0,2.0,1.0,0,0,6.0,3.77,Good,0.5,0.06999999999999984,2.0,0,1,0,0,1,1,0,0,0,1,1,0,0
0,1,1,1,0,0,3.0,1.0,0,0,2.0,3.84,Excellent,0.3333333333333333,0.0,3.0,1,0,1,0,0,0,1,0,0,1,0,1,0
0,1,1,1,0,0,6.5,2.0,0,0,3.0,3.29,Good,0.3076923076923077,-0.10999999999999988,3.25,1,0,0,0,1,0,1,0,0,1,0,1,0
0,0,1,0,0,0,4.0,3.5,0,0,1.0,3.43,Good,0.5,0.0,1.14,1,0,0,1,0,1,0,0,0,1,1,0,0
1,0,0,1,1,0,7.0,2.0,0,0,2.0,3.7,Good,0.2857142857142857,0.0,3.5,1,0,0,0,1,1,0,0,0,1,1,0,0
0,1,1,1,0,0,4.0,2.0,0,0,2.0,3.2,Good,1.0,0.18000000000000016,2.0,1,0,1,0,0,0,1,0,1,0,1,0,0
0,1,1,0,0,0,2.5,2.0,0,0,1.0,2.98,Average,1.2,-0.5,1.25,1,0,0,1,0,1,0,0,0,1,1,0,0
1,0,1,1,1,0,3.5,3.5,0,0,2.0,3.53,Good,0.5714285714285714,0.0,1.0,1,0,1,0,0,1,0,0,0,1,1,0,0
1,1,1,0,0,0,4.0,1.0,0,0,3.0,3.41,Good,0.5,0.3500000000000001,4.0,1,0,1,0,0,1,0,0,0,1,1,0,0
0,1,1,0,1,0,3.5,3.0,0,0,4.0,3.37,Good,0.2857142857142857,0.18000000000000016,1.17,1,0,0,0,1,0,1,0,0,1,1,0,0
1,0,1,0,0,1,4.0,1.0,0,0,2.0,3.05,Average,0.5,0.0,4.0,1,0,0,1,0,1,0,0,0,1,1,0,0
0,1,1,1,1,0,3.5,2.0,0,0,1.0,4.0,Excellent,0.2857142857142857,-0.5,1.75,1,0,1,0,0,0,1,0,0,1,0,1,0
1,0,1,1,1,0,4.0,1.0,0,0,3.0,3.0406118143459917,Poor,0.75,-0.7093881856540083,4.0,1,0,0,0,1,0,1,0,0,1,0,1,0
1,0,1,0,0,0,3.0,3.0,0,0,2.0,3.33,Good,0.6666666666666666,0.0,1.0,1,0,0,0,1,1,0,0,0,1,1,0,0
1,0,1,1,1,0,4.0,1.0,1,0,2.0,2.81,Average,0.375,0.0,4.0,0,1,0,1,0,1,0,0,1,0,1,0,0
1,0,1,1,1,1,3.0,3.0,1,0,0.0,2.08,Poor,1.3333333333333333,-0.10000000000000009,1.0,1,0,0,0,1,1,0,0,0,1,1,0,0
0,0,1,1,0,1,2.0,2.0,0,0,1.0,3.0,Average,0.5,-0.6200000000000001,1.0,0,1,0,0,1,1,0,0,0,1,1,0,0
0,1,1,1,0,1,3.333333333333333,2.0,0,0,2.0,3.18,Average,0.9000000000000001,0.0,1.67,1,0,0,1,0,0,1,0,0,1,1,0,0
1,1,0,0,1,1,3.0,2.0,0,0,1.0,3.59,Poor,2.3333333333333335,0.040000000000000036,1.5,0,1,0,1,0,0,1,0,0,1,0,1,0
1,0,1,0,1,0,4.0,2.0,0,0,6.0,3.75,Excellent,0.5,0.16999999999999993,2.0,1,0,0,1,0,1,0,0,0,1,1,0,0
1,0,1,0,0,1,2.0,1.0,0,0,3.0,3.88,Poor,3.5,0.0,2.0,1,0,0,1,0,1,0,0,0,1,1,0,0
1,0,1,0,0,0,2.0,1.0,0,0,3.0,3.0,Poor,3.5,0.0,2.0,1,0,0,1,0,1,0,0,0,1,1,0,0
1,0,1,1,1,0,5.0,2.0,0,1,2.0,4.0,Excellent,0.2,0.0,2.5,1,0,0,0,1,1,0,0,0,1,1,0,0
1,1,1,1,1,0,2.0,2.0,0,0,2.0,3.97,Average,0.5,0.0,1.0,0,1,0,1,0,0,1,0,1,0,1,0,0
1,1,1,1,1,0,3.0,2.0,0,0,2.0,3.69,Average,0.3333333333333333,-0.10000000000000009,1.5,0,1,0,0,1,1,0,0,1,0,0,1,0
0,0,1,1,0,0,6.5,2.0,1,0,1.0,2.89,Average,0.3076923076923077,-0.06999999999999984,3.25,1,0,0,0,1,1,0,0,0,1,0,1,0
1,0,1,1,1,1,5.0,2.0,0,0,3.0,3.86,Excellent,0.4,0.08999999999999986,2.5,1,0,0,0,1,1,0,0,0,1,1,0,0
0,0,1,0,0,0,1.5,2.0,0,0,4.0,3.48,Average,0.6666666666666666,0.040000000000000036,0.75,1,0,0,0,1,0,1,0,0,1,0,1,0
1,1,1,1,0,0,2.0,2.0,0,0,2.0,3.66,Good,1.0,0.10000000000000009,1.0,0,1,0,0,1,0,1,0,1,0,1,0,0
1,1,1,1,0,0,3.0,2.0,0,0,1.0,3.56,Good,0.3333333333333333,0.0,1.5,1,0,0,1,0,0,1,0,0,1,1,0,0
1,1,1,0,0,0,1.0,1.0,1,0,0.0,3.2,Average,5.0,-0.04999999999999982,1.0,0,1,0,1,0,0,1,0,1,0,1,0,0
1,0,1,1,1,0,2.0,2.0,0,0,2.0,3.4,Average,1.5,-0.30000000000000027,1.0,1,0,0,0,1,0,1,0,1,0,0,1,0
1,0,0,0,0,0,1.0,1.0,0,0,0.0,3.58,Average,2.0,0.20000000000000018,1.0,1,0,0,0,1,0,1,0,0,1,0,1,0
1,0,1,1,1,0,1.0,2.0,0,0,3.0,3.9,Average,2.0,0.1200000000000001,0.5,0,1,0,0,1,1,0,0,1,0,1,0,0
0,0,1,1,0,0,5.0,2.0,0,0,2.0,3.5,Good,0.6,0.10000000000000009,2.5,1,0,0,0,1,1,0,0,0,1,1,0,0
0,0,1,1,1,0,2.0,1.0,0,0,5.0,2.93,Average,1.5,0.3500000000000001,2.0,1,0,0,0,1,0,1,0,1,0,0,1,0
0,0,1,1,0,1,1.5,2.0,0,0,1.0,3.7,Average,0.6666666666666666,-0.2599999999999998,0.75,0,1,1,0,0,1,0,0,0,1,1,0,0
1,1,1,0,0,0,3.5,2.0,0,0,2.0,3.76,Good,0.5714285714285714,0.17999999999999972,1.75,1,0,0,0,1,0,1,0,0,1,1,0,0
1,0,1,1,1,0,2.0,2.0,0,0,2.0,3.91,Good,2.0,0.1200000000000001,1.0,0,1,0,0,1,1,0,0,0,1,0,1,0
1,0,1,1,0,0,3.0,2.0,1,0,4.0,1.88,Poor,0.6666666666666666,0.7599999999999998,1.5,1,0,0,0,1,1,0,0,0,1,0,1,0
1,1,1,0,0,0,4.0,3.0,0,0,2.0,3.67,Good,0.25,-0.050000000000000266,1.33,0,1,0,0,1,0,1,0,0,1,1,0,0
0,0,0,1,1,0,5.5,3.0,0,0,2.0,3.0406118143459917,Poor,0.18181818181818182,-1.5093881856540081,1.83,1,0,0,1,0,0,1,0,0,1,1,0,0
0,0,1,0,0,0,4.0,2.0,0,0,2.0,2.82,Average,0.5,-0.010000000000000231,2.0,1,0,0,0,1,0,1,0,0,1,1,0,0
1,1,1,1,0,1,2.5,2.0,0,0,1.0,3.88,Good,0.8,0.0,1.25,1,0,0,1,0,0,1,0,0,1,1,0,0
1,0,1,0,1,1,1.5,2.0,0,0,2.0,3.39,Average,2.6666666666666665,-0.6099999999999999,0.75,1,0,0,0,1,1,0,0,0,1,1,0,0
0,1,1,0,1,0,3.0,2.0,0,0,1.0,3.66,Good,1.0,0.6600000000000001,1.5,1,0,0,0,1,0,1,0,0,1,0,0,1
0,1,1,1,1,0,7.0,3.5,1,1,5.0,2.44,Poor,0.2857142857142857,0.0,2.0,0,1,0,0,1,1,0,0,0,1,1,0,0
1,0,1,1,0,0,3.0,2.0,0,0,1.0,3.0,Average,0.3333333333333333,0.18000000000000016,1.5,1,0,0,0,1,0,1,0,0,1,1,0,0
1,1,1,0,0,0,2.5,2.0,0,0,1.0,3.9,Good,0.4,0.0,1.25,1,0,0,0,1,0,1,0,0,1,0,1,0
1,0,1,1,1,1,5.0,1.0,0,0,2.0,3.33,Poor,1.4,0.0,5.0,0,1,0,1,0,1,0,0,0,1,1,0,0
0,0,1,1,1,0,3.0,3.0,0,0,2.0,3.0406118143459917,Poor,0.6666666666666666,-1.6593881856540085,1.0,1,0,0,1,0,1,0,0,0,1,1,0,0
1,1,0,1,1,0,4.0,2.0,0,0,2.0,3.98,Excellent,0.75,0.0,2.0,1,0,0,0,1,0,1,0,0,1,1,0,0
1,0,0,0,0,0,2.0,2.0,0,0,1.0,3.8,Good,0.5,0.3999999999999999,1.0,1,0,0,1,0,1,0,0,0,1,0,1,0
1,1,1,1,1,0,3.3475298126064734,1.0,0,0,1.0,3.81,Poor,0.5974554707379135,0.0,3.35,0,1,0,0,1,0,1,1,0,0,0,0,1
1,1,0,0,1,1,1.5,2.0,0,0,2.0,3.97,Average,2.0,0.0,0.75,1,0,0,0,1,0,1,0,0,1,1,0,0
1,1,1,0,1,0,7.0,2.0,0,0,2.0,3.33,Poor,1.0,0.0,3.5,1,0,0,1,0,1,0,0,0,1,1,0,0
1,0,0,1,0,1,3.0,1.0,0,0,2.0,2.89,Poor,1.0,0.20999999999999996,3.0,1,0,0,0,1,0,1,1,0,0,1,0,0
0,0,0,1,0,1,3.0,2.0,0,0,1.0,3.84,Excellent,0.6666666666666666,0.0,1.5,0,1,0,0,1,1,0,0,0,1,1,0,0
1,0,0,1,1,0,2.0,2.0,0,0,2.0,3.69,Average,1.5,0.1499999999999999,1.0,1,0,1,0,0,0,1,0,1,0,1,0,0
0,0,1,1,0,0,2.0,2.0,0,0,2.0,3.39,Poor,1.5,1.61,1.0,1,0,0,0,1,1,0,0,0,1,1,0,0
1,1,1,0,1,1,2.0,1.0,0,0,1.0,2.8,Poor,1.5,0.48,2.0,1,0,0,0,1,0,1,0,0,1,1,0,0
1,0,1,0,0,0,3.0,1.0,0,0,2.0,4.0,Excellent,1.0,0.0,3.0,1,0,0,1,0,1,0,0,0,1,0,1,0
0,0,1,1,0,0,5.0,2.0,0,0,2.0,3.8,Excellent,0.1,0.0,2.5,1,0,0,1,0,1,0,0,0,1,1,0,0
0,0,0,1,1,0,2.5,4.0,0,0,2.0,3.05,Average,0.4,0.0,0.62,1,0,0,1,0,1,0,0,0,1,1,0,0
1,1,1,1,1,0,3.0,2.0,0,0,0.0,3.45,Average,1.6666666666666667,0.0,1.5,0,1,1,0,0,0,1,0,0,1,1,0,0
1,1,1,1,0,0,4.0,2.0,1,1,2.0,2.73,Poor,0.75,0.0,2.0,1,0,0,1,0,1,0,0,0,1,1,0,0
0,0,1,1,1,0,1.5,2.0,0,0,3.0,3.29,Average,1.3333333333333333,0.08999999999999986,0.75,1,0,0,0,1,1,0,0,1,0,1,0,0
1,0,1,1,1,0,6.0,2.0,0,0,2.0,3.94,Excellent,0.3333333333333333,-0.020000000000000018,3.0,1,0,0,0,1,0,1,0,0,1,0,1,0
1,1,1,0,0,0,3.3475298126064734,2.0,0,0,2.0,3.69,Poor,1.7923664122137406,0.1299999999999999,1.67,1,0,0,0,1,0,1,1,0,0,1,0,0
1,1,1,0,1,0,2.5,2.0,0,0,1.0,3.89,Good,0.4,0.0,1.25,1,0,0,1,0,0,1,0,0,1,0,1,0
1,0,1,0,0,0,4.5,3.5,0,0,1.0,3.36,Poor,0.6666666666666666,-0.5300000000000002,1.29,1,0,0,1,0,0,1,1,0,0,0,1,0
1,1,1,0,0,0,3.0,1.0,0,0,1.0,3.68,Poor,0.6666666666666666,0.0,3.0,1,0,0,1,0,0,1,1,0,0,1,0,0
1,1,1,1,1,0,5.0,2.0,1,0,2.0,2.93,Average,0.4,0.0,2.5,1,0,0,0,1,0,1,0,0,1,1,0,0
1,0,1,0,0,0,4.0,3.0,0,0,2.0,3.81,Excellent,0.5,0.0,1.33,0,1,0,1,0,0,1,0,0,1,0,1,0
0,1,0,0,0,1,3.5,2.0,0,0,1.0,3.0406118143459917,Poor,0.5714285714285714,-0.3293881856540084,1.75,1,0,0,0,1,0,1,0,0,1,1,0,0
1,0,1,1,0,0,3.0,1.0,1,0,1.0,3.25,Good,1.0,0.0,3.0,1,0,0,0,1,0,1,0,0,1,1,0,0
1,0,1,0,0,0,3.0,2.0,0,0,2.0,2.89,Average,1.0,0.0,1.5,0,1,0,1,0,0,1,0,1,0,1,0,0
0,1,0,1,0,0,2.5,2.0,0,0,2.0,3.0406118143459917,Poor,1.6,-0.6893881856540083,1.25,1,0,0,0,1,0,1,0,0,1,1,0,0
1,0,1,0,0,0,2.5,2.0,0,0,4.0,3.39,Good,0.4,0.20999999999999996,1.25,1,0,0,0,1,1,0,0,0,1,1,0,0
1,0,1,0,0,1,7.0,1.0,1,0,1.0,2.9,Average,0.2857142857142857,0.0,7.0,0,1,0,1,0,1,0,0,0,1,0,1,0
1,0,1,1,0,0,6.0,3.0,0,0,2.0,3.48,Good,0.3333333333333333,0.0,2.0,1,0,0,1,0,0,1,0,0,1,1,0,0
1,0,1,0,0,0,7.0,2.0,1,0,3.0,3.6,Good,0.5714285714285714,0.0,3.5,1,0,0,1,0,0,1,0,0,1,1,0,0
0,0,1,1,0,0,2.0,3.0,0,0,2.0,3.17,Average,1.5,0.040000000000000036,0.67,0,1,0,1,0,1,0,0,0,1,1,0,0
1,1,1,1,0,0,2.0,1.0,0,0,2.0,3.13,Average,0.5,0.0,2.0,1,0,0,0,1,0,1,0,0,1,1,0,0
1,0,1,1,0,0,3.0,2.0,0,0,1.0,3.85,Excellent,0.6666666666666666,0.0,1.5,0,1,0,0,1,1,0,0,0,1,1,0,0
1,1,1,1,1,1,4.5,2.0,0,0,1.0,3.6,Good,0.2222222222222222,0.0,2.25,0,1,0,0,1,0,1,0,0,1,1,0,0
1,0,1,1,1,0,2.0,2.0,0,0,1.0,3.0406118143459917,Poor,0.5,-0.49938818565400833,1.0,0,1,0,0,1,0,1,0,0,1,1,0,0
1,0,1,0,0,0,1.0,2.0,0,0,3.0,3.55,Average,4.0,0.009999999999999787,0.5,1,0,0,1,0,1,0,0,0,1,1,0,0
0,0,1,0,0,0,3.0,2.0,1,0,6.0,2.1,Poor,1.3333333333333333,0.0,1.5,0,1,0,0,1,1,0,0,0,1,1,0,0
1,0,1,1,1,0,3.0,2.0,0,0,1.0,2.5,Poor,1.6666666666666667,0.0,1.5,1,0,0,1,0,1,0,0,0,1,1,0,0
1,0,1,0,1,0,7.0,1.0,0,0,5.0,3.76,Excellent,0.14285714285714285,0.44999999999999973,7.0,1,0,0,0,1,1,0,0,0,1,1,0,0
0,0,1,1,0,0,1.0,2.0,0,0,0.0,3.0406118143459917,Poor,4.0,-0.7093881856540083,0.5,0,1,1,0,0,1,0,0,1,0,0,1,0
1,0,1,1,0,1,6.0,3.0,0,0,3.0,3.7,Good,0.3333333333333333,0.0,2.0,0,1,0,0,1,1,0,0,0,1,1,0,0
0,0,1,1,0,1,3.0,3.0,0,0,3.0,3.0406118143459917,Poor,0.3333333333333333,-0.4593881856540083,1.0,0,1,0,0,1,1,0,0,0,1,1,0,0
1,1,1,0,0,0,4.0,2.0,1,0,2.0,3.7,Good,1.0,0.0,2.0,1,0,0,1,0,0,1,0,0,1,0,1,0
1,0,1,1,0,0,3.0,2.0,1,1,2.0,3.24,Poor,1.0,0.0,1.5,1,0,0,1,0,1,0,1,0,0,1,0,0
0,1,1,0,0,0,2.5,1.5,1,0,1.0,2.8,Poor,0.8,0.5,1.67,1,0,0,0,1,0,1,0,0,1,0,1,0
0,0,0,0,0,0,2.0,1.0,0,0,2.0,3.6,Poor,1.5,-0.27,2.0,1,0,0,0,1,0,1,1,0,0,0,1,0
1,1,1,1,1,0,3.0,2.0,0,0,1.0,3.5,Poor,1.3333333333333333,0.2599999999999998,1.5,1,0,0,0,1,0,1,1,0,0,1,0,0
0,0,0,0,0,0,3.3475298126064734,0.0,0,0,2.0,3.39,Good,0.8961832061068703,-0.2599999999999998,0.0,1,0,0,1,0,0,1,0,1,0,1,0,0
1,0,1,1,1,0,5.0,2.0,0,0,2.0,3.5,Average,0.6,-0.020000000000000018,2.5,1,0,0,0,1,1,0,0,1,0,1,0,0
1,0,1,0,0,0,3.0,1.0,0,0,4.0,2.73,Poor,0.6666666666666666,0.0,3.0,1,0,0,1,0,1,0,0,0,1,1,0,0
1,0,1,1,0,0,3.0,4.0,0,0,2.0,3.88,Excellent,0.3333333333333333,0.08999999999999986,0.75,1,0,0,1,0,0,1,0,0,1,1,0,0
1,0,1,0,0,0,2.5,2.0,0,0,0.0,3.91,Poor,0.4,-0.04999999999999982,1.25,1,0,0,1,0,1,0,1,0,0,1,0,0
0,1,0,0,1,1,7.0,2.0,0,0,2.0,3.4,Good,0.07142857142857142,0.0,3.5,1,0,0,0,1,0,1,0,0,1,1,0,0
0,1,1,0,0,0,2.5,3.5,0,0,2.0,3.39,Good,0.4,-0.10000000000000009,0.71,0,1,0,0,1,0,1,0,0,1,1,0,0
0,1,1,0,1,0,6.0,2.0,0,0,2.0,3.85,Excellent,0.16666666666666666,0.0,3.0,0,1,0,0,1,0,1,0,0,1,1,0,0
0,1,1,0,1,0,4.0,2.0,1,0,2.0,2.4,Poor,0.25,0.3799999999999999,2.0,1,0,0,0,1,0,1,0,0,1,1,0,0
1,0,1,0,0,0,5.5,3.5,0,0,2.0,3.38,Poor,0.5454545454545454,-0.5100000000000002,1.57,1,0,0,1,0,0,1,1,0,0,0,1,0
1,1,1,1,0,0,2.5,1.0,0,0,3.0,3.93,Good,0.4,0.0,2.5,0,1,0,0,1,0,1,0,0,1,0,1,0
0,1,1,0,0,0,5.0,2.0,0,0,1.0,3.0406118143459917,Poor,0.4,-0.8593881856540082,2.5,1,0,0,1,0,0,1,0,0,1,1,0,0
1,1,1,1,0,0,3.0,3.0,1,0,1.0,3.47,Good,1.0,0.0,1.0,1,0,0,0,1,1,0,0,0,1,1,0,0
0,1,1,1,1,0,2.5,2.0,0,0,1.0,3.39,Good,0.8,-0.31000000000000005,1.25,1,0,0,0,1,0,1,0,0,1,1,0,0
1,1,1,0,1,1,4.5,2.0,0,0,2.0,3.0406118143459917,Poor,0.4444444444444444,-0.4093881856540085,2.25,1,0,0,0,1,0,1,0,0,1,1,0,0
1,1,1,1,0,0,3.0,2.0,1,0,1.0,3.73,Good,0.6666666666666666,0.0,1.5,1,0,0,0,1,0,1,0,0,1,0,1,0
1,1,1,1,1,1,4.0,4.0,0,0,3.0,3.68,Good,0.5,-0.04999999999999982,1.0,0,1,0,0,1,1,0,0,0,1,1,0,0
1,1,1,1,0,0,3.0,2.0,0,0,2.0,3.0406118143459917,Poor,0.3333333333333333,-0.6093881856540082,1.5,0,1,0,0,1,1,0,0,0,1,1,0,0
1,1,1,1,0,0,4.5,2.0,0,0,2.0,3.39,Good,0.6666666666666666,-0.06000000000000005,2.25,1,0,0,1,0,0,1,0,0,1,1,0,0
1,1,1,1,0,0,4.5,2.0,0,0,2.0,3.39,Average,0.6666666666666666,0.81,2.25,1,0,0,1,0,1,0,0,0,1,1,0,0
1,0,0,1,0,1,4.5,3.5,1,0,5.0,3.5,Poor,0.4444444444444444,1.63,1.29,0,1,1,0,0,1,0,0,0,1,1,0,0
1,1,1,1,1,0,4.0,2.0,0,0,3.0,3.99,Excellent,0.25,0.03000000000000025,2.0,0,1,0,0,1,0,1,0,0,1,1,0,0
1,1,1,0,0,1,4.0,2.0,0,0,2.0,3.73,Good,0.25,0.04999999999999982,2.0,0,1,0,0,1,0,1,0,0,1,1,0,0
1,0,1,0,1,0,5.0,2.0,1,0,2.0,2.3,Poor,1.4,1.9499999999999997,2.5,1,0,0,1,0,1,0,1,0,0,0,1,0
0,1,1,1,1,0,4.0,2.0,0,0,2.0,2.86,Poor,1.0,0.8199999999999998,2.0,1,0,0,0,1,0,1,0,0,1,0,1,0
1,1,1,0,0,0,0.5,1.0,0,0,1.0,3.67,Poor,4.0,-0.07000000000000028,0.5,1,0,1,0,0,0,1,0,0,1,1,0,0
0,0,1,0,0,0,4.5,2.5,0,0,1.0,3.75,Excellent,0.4444444444444444,0.0,1.8,1,0,0,0,1,1,0,0,0,1,1,0,0
0,0,1,1,0,0,2.0,3.0,0,0,2.0,3.26,Good,0.5,-0.040000000000000036,0.67,1,0,0,0,1,1,0,0,0,1,0,1,0
1,0,1,1,1,1,5.0,3.0,0,0,3.0,3.45,Good,0.8,-0.27,1.67,1,0,0,0,1,1,0,0,0,1,1,0,0
0,0,1,1,1,0,4.0,2.0,0,0,2.0,3.39,Good,0.5,0.18000000000000016,2.0,1,0,0,0,1,1,0,0,0,1,1,0,0
1,1,1,0,1,0,1.0,1.0,0,0,0.0,3.65,Average,2.0,0.009999999999999787,1.0,1,0,0,0,1,0,1,0,0,1,0,1,0
1,1,1,0,0,1,3.3475298126064734,1.0,0,0,2.0,3.42,Average,1.4936386768447838,0.56,3.35,1,0,1,0,0,0,1,0,0,1,0,1,0
1,1,1,1,0,0,4.0,2.0,0,0,2.0,3.88,Excellent,0.25,0.10000000000000009,2.0,1,0,0,0,1,0,1,0,0,1,1,0,0
0,1,1,0,1,0,5.0,4.0,1,0,2.0,2.76,Poor,1.0,0.09999999999999964,1.25,1,0,0,1,0,1,0,0,0,1,0,1,0
0,1,1,0,1,0,2.0,2.0,0,0,1.0,2.87,Average,1.5,-0.16999999999999993,1.0,1,0,1,0,0,0,1,0,0,1,0,1,0
0,0,1,0,0,0,1.5,1.5,0,0,1.0,2.55,Poor,2.6666666666666665,0.7899999999999998,1.0,1,0,0,0,1,0,1,0,1,0,1,0,0
1,1,1,1,0,0,3.0,3.0,0,0,2.0,3.71,Good,0.6666666666666666,0.56,1.0,0,1,1,0,0,0,1,0,0,1,1,0,0
1,1,1,1,0,0,2.0,2.0,0,0,4.0,3.62,Good,0.5,-0.3799999999999999,1.0,1,0,0,0,1,1,0,0,0,1,0,1,0
0,1,1,0,0,0,3.0,1.0,0,0,3.0,3.58,Good,0.6666666666666666,0.0,3.0,1,0,0,0,1,0,1,0,0,1,0,1,0
0,1,1,0,1,1,6.0,2.0,0,0,3.0,3.4,Good,0.3333333333333333,0.0,3.0,1,0,0,0,1,0,1,0,0,1,1,0,0
0,1,1,0,0,1,2.0,1.0,1,0,2.0,2.77,Poor,3.5,0.33000000000000007,2.0,0,1,1,0,0,0,1,0,1,0,1,0,0
1,1,1,0,1,0,6.0,3.0,0,0,1.0,3.91,Excellent,0.16666666666666666,-0.029999999999999805,2.0,0,1,1,0,0,0,1,0,0,1,1,0,0
1,0,1,1,1,1,7.0,1.0,0,0,0.0,2.85,Average,0.07142857142857142,-0.1499999999999999,7.0,1,0,0,0,1,1,0,0,1,0,0,1,0
1,1,1,0,0,1,1.0,1.0,0,0,1.0,3.27,Average,3.0,-0.04999999999999982,1.0,1,0,0,0,1,0,1,0,1,0,0,1,0
1,1,1,1,0,0,2.0,1.0,0,0,2.0,2.8,Average,2.5,0.0,2.0,1,0,0,1,0,0,1,0,0,1,1,0,0
0,0,1,1,1,0,3.5,2.0,0,0,2.0,3.33,Good,0.8571428571428571,-0.06000000000000005,1.75,1,0,0,0,1,1,0,0,0,1,1,0,0
1,1,1,1,0,0,1.0,1.0,0,0,2.0,3.44,Average,1.0,0.23999999999999977,1.0,0,1,0,0,1,0,1,0,0,1,1,0,0
1,0,1,1,1,0,2.0,3.5,0,0,1.0,2.9,Average,1.0,-0.41000000000000014,0.57,1,0,0,0,1,1,0,0,0,1,1,0,0
0,1,1,1,1,0,5.5,2.0,1,0,1.0,3.06,Average,0.7272727272727273,0.10000000000000009,2.75,0,1,0,0,1,0,1,0,1,0,1,0,0
1,1,1,0,0,0,3.0,2.0,0,0,2.0,3.68,Good,1.3333333333333333,0.0,1.5,1,0,0,1,0,0,1,0,0,1,1,0,0
0,1,1,1,1,0,4.0,2.0,0,0,2.0,3.78,Poor,1.5,0.7311111111111113,2.0,0,1,0,1,0,0,1,0,0,1,1,0,0
1,0,1,0,1,1,4.0,3.0,0,0,3.0,3.68,Good,0.25,-0.18999999999999995,1.33,1,0,0,0,1,1,0,0,0,1,1,0,0
1,1,1,1,0,0,3.0,2.0,0,0,1.0,3.9,Excellent,0.3333333333333333,0.0,1.5,1,0,0,0,1,0,1,0,0,1,1,0,0
0,0,1,0,0,0,2.5,2.0,0,0,4.0,2.97,Average,0.8,0.3200000000000003,1.25,0,1,1,0,0,0,1,0,0,1,1,0,0
0,0,1,0,0,0,2.0,1.0,0,0,1.0,3.65,Good,1.5,0.3599999999999999,2.0,1,0,0,0,1,1,0,0,0,1,0,1,0
0,1,1,1,1,0,3.5,2.0,0,0,2.0,3.62,Good,0.5714285714285714,0.48,1.75,0,1,0,0,1,0,1,0,0,1,0,1,0
0,0,1,1,0,1,4.5,2.0,1,1,6.0,3.39,Poor,1.5555555555555556,0.2400000000000002,2.25,1,0,0,0,1,0,1,0,1,0,1,0,0
1,1,1,1,0,0,2.0,2.0,0,0,3.0,3.55,Good,1.0,0.08999999999999986,1.0,0,1,0,0,1,0,1,0,0,1,0,1,0
0,0,1,1,0,0,1.5,1.0,0,0,0.0,3.17,Average,2.0,-0.1499999999999999,1.5,0,1,0,0,1,0,1,0,0,1,1,0,0
1,1,1,0,0,0,3.5,1.0,0,0,2.0,3.36,Good,1.1428571428571428,0.1499999999999999,3.5,1,0,0,0,1,0,1,0,0,1,1,0,0
1,0,1,1,0,0,5.5,2.0,0,0,4.0,3.93,Excellent,0.2727272727272727,0.0,2.75,1,0,0,1,0,1,0,0,0,1,1,0,0
0,0,1,0,0,0,6.0,2.0,0,0,3.0,3.76,Excellent,0.16666666666666666,-0.18000000000000016,3.0,1,0,0,0,1,0,1,0,0,1,1,0,0
0,0,1,1,1,0,4.0,4.0,1,0,2.0,2.31,Poor,0.75,-0.56,1.0,0,1,0,0,1,1,0,0,0,1,0,0,1
0,0,1,1,0,0,3.0,3.0,0,0,2.0,3.27,Good,0.6666666666666666,-0.040000000000000036,1.0,1,0,0,1,0,1,0,0,0,1,1,0,0
1,1,1,1,1,0,5.0,2.0,0,0,1.0,4.0,Excellent,0.2,0.0,2.5,0,1,0,0,1,0,1,0,0,1,1,0,0
1,0,1,1,0,1,1.0,1.0,1,0,1.0,2.68,Poor,2.0,0.6000000000000001,1.0,0,1,0,0,1,1,0,0,1,0,0,1,0
0,1,1,1,0,0,6.0,2.0,1,0,2.0,2.64,Poor,0.5,0.020000000000000018,3.0,1,0,0,1,0,0,1,0,1,0,1,0,0
1,1,1,1,1,0,2.0,1.0,0,0,2.0,3.89,Poor,3.5,0.0,2.0,1,0,0,1,0,1,0,0,0,1,1,0,0
0,1,1,1,0,0,2.0,1.0,1,0,1.0,2.88,Poor,3.5,0.1299999999999999,2.0,1,0,1,0,0,0,1,1,0,0,0,1,0
0,0,1,0,0,0,7.0,2.0,0,0,3.0,3.97,Excellent,0.2857142857142857,-0.029999999999999805,3.5,0,1,0,0,1,0,1,0,0,1,1,0,0
1,0,1,0,0,0,3.0,2.0,0,0,2.0,3.57,Good,0.6666666666666666,0.0,1.5,0,1,0,0,1,1,0,0,0,1,1,0,0
1,0,1,1,0,1,2.5,2.0,0,0,0.0,3.41,Good,0.8,0.2200000000000002,1.25,1,0,0,0,1,1,0,0,0,1,1,0,0
1,0,1,0,0,0,7.0,3.5,0,0,3.0,3.9,Excellent,0.21428571428571427,0.2999999999999998,2.0,1,0,0,0,1,1,0,0,0,1,1,0,0
0,1,1,1,0,0,6.0,2.0,1,0,3.0,2.88,Poor,1.0,0.0,3.0,1,0,0,0,1,0,1,0,1,0,0,1,0
1,0,0,1,0,0,3.0,2.0,1,0,2.0,2.74,Poor,2.0,0.0,1.5,1,0,0,1,0,1,0,0,0,1,1,0,0
0,1,0,0,0,0,5.0,3.0,1,0,3.0,2.55,Poor,0.6,1.14,1.67,1,0,0,1,0,0,1,1,0,0,1,0,0
0,0,1,1,0,0,5.0,2.0,0,0,2.0,3.32,Good,0.6,-0.10000000000000009,2.5,1,0,0,0,1,1,0,0,0,1,1,0,0
0,0,1,1,0,0,5.0,2.0,0,0,2.0,3.08,Average,0.6,-0.020000000000000018,2.5,1,0,0,0,1,1,0,0,0,1,1,0,0
1,0,1,0,0,0,1.5,2.0,0,0,2.0,3.86,Average,2.0,-0.10000000000000009,0.75,0,1,1,0,0,1,0,0,0,1,0,0,1
1,0,1,1,0,0,3.5,2.0,0,0,1.0,3.29,Poor,0.5714285714285714,0.0,1.75,0,1,0,0,1,1,0,1,0,0,1,0,0
1,1,1,0,0,0,3.0,3.0,0,0,2.0,3.75,Excellent,1.0,0.0,1.0,1,0,0,1,0,0,1,0,0,1,0,1,0
1,0,1,1,0,0,5.0,2.0,0,0,2.0,3.8,Excellent,0.4,0.13999999999999968,2.5,1,0,0,0,1,1,0,0,0,1,0,1,0
1,0,1,1,0,0,4.5,2.5,0,0,2.0,3.71,Good,0.2222222222222222,-0.16999999999999993,1.8,1,0,0,0,1,1,0,0,0,1,1,0,0
1,1,1,0,1,0,2.0,2.0,0,0,2.0,3.89,Good,0.5,-0.10999999999999988,1.0,0,1,0,0,1,1,0,0,0,1,1,0,0
1,1,1,1,0,0,2.0,2.0,1,1,2.0,2.41,Poor,1.5,0.010000000000000231,1.0,0,1,0,0,1,0,1,0,0,1,0,1,0
1,0,1,1,0,1,4.0,2.0,1,0,2.0,2.86,Average,0.75,0.0,2.0,1,0,0,1,0,0,1,0,1,0,0,1,0
1,0,1,0,1,1,1.0,1.0,0,0,0.0,3.07,Average,3.0,0.43999999999999995,1.0,0,1,0,0,1,1,0,0,1,0,1,0,0
0,1,1,1,0,1,3.0,2.0,0,0,2.0,3.74,Good,0.3333333333333333,0.26000000000000023,1.5,0,1,0,0,1,0,1,0,0,1,1,0,0
1,1,1,0,0,0,1.5,1.0,0,0,1.0,3.75,Average,2.6666666666666665,0.0,1.5,1,0,0,0,1,0,1,0,0,1,1,0,0
1,1,1,1,1,0,2.5,2.0,0,0,2.0,3.88,Good,0.4,-0.06000000000000005,1.25,1,0,0,0,1,0,1,0,0,1,1,0,0
1,0,1,1,0,0,2.0,1.0,0,0,2.0,4.0,Good,1.0,0.0,2.0,1,0,0,1,0,0,1,0,0,1,1,0,0
1,0,1,1,0,1,2.5,2.0,0,0,1.0,3.63,Average,0.8,0.1299999999999999,1.25,1,0,0,0,1,0,1,0,1,0,0,1,0
1,0,1,0,0,0,3.3475298126064734,1.0,0,0,1.0,1.75,Poor,0.5974554707379135,-0.15999999999999992,3.35,0,1,0,1,0,0,1,0,1,0,0,0,1
1,1,1,0,0,0,2.5,2.5,0,0,1.0,3.85,Good,0.4,0.0,1.0,1,0,0,1,0,0,1,0,0,1,1,0,0
0,1,1,1,1,0,1.0,1.0,0,0,2.0,2.77,Poor,2.0,0.8,1.0,1,0,0,1,0,1,0,0,0,1,1,0,0
1,1,1,1,0,0,2.0,1.0,0,0,3.0,3.51,Good,1.0,0.0,2.0,1,0,0,0,1,0,1,0,0,1,1,0,0
0,0,1,1,0,0,3.0,2.0,0,0,2.0,3.85,Excellent,0.6666666666666666,0.0,1.5,1,0,0,1,0,1,0,0,0,1,1,0,0
1,1,1,1,0,0,3.0,3.0,0,0,2.0,4.0,Average,1.6666666666666667,0.0,1.0,1,0,0,1,0,0,1,0,0,1,0,1,0
0,0,1,1,0,0,4.0,2.0,0,0,1.0,3.21,Good,0.1875,0.0,2.0,1,0,0,1,0,1,0,0,0,1,1,0,0
1,0,1,1,1,0,3.0,2.0,0,0,2.0,3.65,Good,0.6666666666666666,0.5,1.5,1,0,0,0,1,0,1,0,0,1,0,1,0
1,0,1,1,1,1,4.0,4.0,1,1,1.0,3.1,Average,0.25,0.0,1.0,1,0,0,1,0,1,0,0,1,0,1,0,0
1,0,1,1,0,0,3.3475298126064734,2.0,0,0,3.0,3.47,Good,0.5974554707379135,0.25,1.67,1,0,0,0,1,1,0,0,0,1,1,0,0
1,1,1,0,0,0,3.0,2.0,0,0,2.0,3.77,Poor,1.3333333333333333,0.25,1.5,1,0,0,0,1,0,1,1,0,0,1,0,0
1,0,1,1,0,0,2.5,2.0,0,0,1.0,3.32,Good,0.8,0.07999999999999963,1.25,1,0,0,0,1,0,1,0,1,0,0,1,0
0,1,1,0,1,1,5.0,2.5,0,0,4.0,3.95,Excellent,0.0,0.010000000000000231,2.0,1,0,0,0,1,1,0,0,0,1,1,0,0
0,0,1,0,1,0,4.5,2.0,0,0,1.0,2.85,Poor,1.5555555555555556,0.3500000000000001,2.25,0,1,0,0,1,0,1,0,1,0,0,1,0
0,1,1,0,0,1,3.0,1.0,0,0,5.0,2.85,Average,1.0,0.20000000000000018,3.0,1,0,0,1,0,1,0,0,0,1,1,0,0
1,1,0,0,0,0,1.0,2.0,0,0,1.0,2.91,Poor,6.0,0.0,0.5,0,1,0,0,1,0,1,0,1,0,1,0,0
1,1,1,0,1,0,7.0,2.0,0,0,1.0,3.48,Good,0.14285714285714285,-0.18999999999999995,3.5,1,0,0,1,0,0,1,0,0,1,1,0,0
1,0,1,0,0,0,5.0,2.0,0,0,2.0,4.0,Excellent,0.4,0.0,2.5,1,0,0,0,1,1,0,0,0,1,1,0,0
1,1,1,1,1,0,7.0,2.0,0,0,1.0,3.92,Good,0.5714285714285714,0.0,3.5,1,0,0,1,0,0,1,0,0,1,1,0,0
0,0,1,1,0,0,6.0,2.0,0,0,5.0,3.05,Poor,1.0,0.029999999999999805,3.0,0,1,1,0,0,1,0,0,0,1,1,0,0
0,1,1,0,0,0,7.0,2.0,0,0,2.0,3.69,Good,0.14285714285714285,-0.08000000000000007,3.5,0,1,1,0,0,0,1,0,0,1,1,0,0
0,1,1,1,1,0,2.5,1.0,0,0,1.0,3.7,Good,0.8,-0.18999999999999995,2.5,1,0,0,0,1,0,1,0,0,1,1,0,0
0,1,1,1,0,0,4.0,3.0,1,0,2.0,2.86,Average,0.25,-0.20000000000000018,1.33,1,0,0,0,1,0,1,0,0,1,1,0,0
0,1,1,0,1,1,1.0,2.0,1,0,3.0,3.01,Poor,4.0,-0.6500000000000004,0.5,0,1,0,0,1,0,1,1,0,0,0,1,0
1,1,1,1,0,0,3.0,1.0,1,0,4.0,2.54,Poor,1.0,0.3900000000000001,3.0,1,0,0,1,0,1,0,0,0,1,1,0,0
1,1,1,0,0,0,1.0,1.0,0,0,2.0,3.29,Average,1.0,-0.10000000000000009,1.0,0,1,0,0,1,0,1,0,1,0,1,0,0
0,0,1,1,0,0,3.3475298126064734,1.0,0,0,2.0,3.54,Good,0.5974554707379135,-0.23999999999999977,3.35,1,0,0,0,1,0,1,0,0,1,0,1,0
0,1,1,1,1,0,6.0,3.0,0,0,4.0,3.51,Good,0.6666666666666666,0.0,2.0,0,1,0,0,1,0,1,0,0,1,0,1,0
0,1,1,1,0,1,2.0,1.5,0,0,1.0,2.9,Poor,1.0,-0.020000000000000018,1.33,1,0,0,0,1,1,0,1,0,0,1,0,0
0,1,1,1,1,0,5.0,2.0,1,0,2.0,2.45,Poor,0.6,0.3200000000000003,2.5,1,0,1,0,0,1,0,0,0,1,1,0,0
0,0,1,0,0,1,2.0,1.0,0,0,1.0,2.8,Average,1.0,-0.6000000000000001,2.0,1,0,0,0,1,1,0,0,1,0,1,0,0
1,1,1,1,1,1,2.5,2.0,0,0,3.0,3.5,Average,0.4,0.10000000000000009,1.25,1,0,0,0,1,0,1,0,1,0,1,0,0
0,1,1,1,1,0,1.5,1.0,0,0,1.0,3.01,Average,0.6666666666666666,0.41999999999999993,1.5,1,0,0,1,0,0,1,0,0,1,1,0,0
1,0,1,1,1,0,2.5,1.0,0,0,1.0,3.77,Good,1.2,-0.009999999999999787,2.5,1,0,0,0,1,0,1,0,0,1,1,0,0
1,1,1,0,0,0,2.0,1.0,0,0,2.0,3.39,Poor,3.5,1.6400000000000001,2.0,0,1,0,1,0,0,1,0,0,1,1,0,0
0,1,1,1,1,1,2.0,1.0,0,0,3.0,3.37,Good,2.0,-0.29000000000000004,2.0,1,0,1,0,0,0,1,0,0,1,0,1,0
0,0,1,0,1,0,1.0,3.0,1,0,3.0,3.12,Average,2.0,-0.3799999999999999,0.33,1,0,0,0,1,1,0,0,0,1,1,0,0
0,1,1,1,1,0,2.5,1.5,0,0,2.0,3.55,Poor,1.6,-0.040000000000000036,1.67,1,0,0,0,1,0,1,1,0,0,0,1,0
1,0,1,1,0,0,4.0,2.0,0,0,3.0,3.03,Average,0.75,0.0,2.0,1,0,0,1,0,1,0,0,0,1,1,0,0
1,0,1,1,0,1,2.5,3.5,0,0,1.0,3.9,Good,0.8,-0.040000000000000036,0.71,1,0,0,1,0,1,0,0,0,1,1,0,0
1,1,1,1,1,0,3.5,2.0,0,0,3.0,3.39,Good,0.5714285714285714,-0.6099999999999999,1.75,1,0,0,0,1,0,1,0,0,1,1,0,0
0,1,1,1,0,0,3.0,2.0,0,0,3.0,3.44,Good,1.3333333333333333,-0.050000000000000266,1.5,1,0,0,0,1,0,1,0,0,1,0,1,0
0,1,1,1,1,0,3.0,2.0,0,0,6.0,3.34,Poor,2.3333333333333335,-0.11000000000000032,1.5,0,1,0,0,1,0,1,0,0,1,1,0,0
0,0,1,0,0,1,2.5,2.0,0,0,2.0,3.5,Good,1.6,-0.08000000000000007,1.25,1,0,0,0,1,0,1,0,0,1,0,1,0
0,0,1,1,0,0,4.0,3.0,1,1,1.0,2.61,Poor,0.75,-0.3500000000000001,1.33,0,1,1,0,0,0,1,0,1,0,0,1,0
1,0,1,1,1,0,2.0,1.0,0,0,1.0,3.53,Good,1.0,0.1499999999999999,2.0,1,0,0,0,1,1,0,0,0,1,1,0,0
1,0,1,1,1,0,2.0,1.0,0,0,1.0,3.07,Average,1.5,-0.050000000000000266,2.0,1,0,0,0,1,1,0,0,0,1,0,1,0
0,0,1,1,0,0,4.0,2.0,0,0,1.0,3.27,Good,0.25,0.16999999999999993,2.0,1,0,0,1,0,0,1,0,0,1,0,1,0
1,1,1,0,0,0,1.0,2.0,0,0,2.0,3.92,Average,1.0,0.0,0.5,1,0,0,0,1,0,1,0,0,1,1,0,0
0,0,1,0,0,0,3.0,3.0,1,0,2.0,2.64,Poor,1.6666666666666667,-0.11999999999999966,1.0,1,0,1,0,0,0,1,0,0,1,1,0,0
1,0,1,1,1,1,1.5,1.0,0,0,1.0,3.78,Poor,4.0,0.2599999999999998,1.5,1,0,0,0,1,1,0,1,0,0,1,0,0
1,0,1,0,1,0,3.5,2.0,0,0,3.0,3.9,Excellent,0.2857142857142857,-0.10000000000000009,1.75,1,0,0,0,1,1,0,0,0,1,1,0,0
1,1,1,0,0,0,3.5,1.0,0,0,2.0,3.78,Excellent,0.8571428571428571,-0.06000000000000005,3.5,1,0,1,0,0,0,1,0,0,1,1,0,0
0,1,1,0,0,0,1.0,1.0,0,0,2.0,3.46,Poor,6.0,0.020000000000000018,1.0,1,0,0,0,1,0,1,0,0,1,0,0,1
1,1,1,1,1,0,4.0,1.0,0,0,2.0,3.0406118143459917,Poor,0.5,0.06061181434599172,4.0,1,0,0,1,0,1,0,0,0,1,1,0,0
1,0,1,0,0,0,3.5,2.0,0,0,3.0,3.39,Poor,1.7142857142857142,-0.040000000000000036,1.75,1,0,0,1,0,1,0,0,0,1,1,0,0
1,0,1,1,1,0,7.0,3.0,0,0,2.0,3.98,Excellent,0.42857142857142855,0.0,2.33,1,0,1,0,0,1,0,0,0,1,1,0,0
0,1,1,1,1,0,3.0,2.0,1,0,3.0,3.15,Average,0.6666666666666666,0.06999999999999984,1.5,1,0,0,1,0,0,1,0,0,1,0,1,0
0,0,1,1,1,1,2.0,2.0,0,0,5.0,3.16,Average,1.0,0.06000000000000005,1.0,0,1,0,0,1,0,1,0,0,1,1,0,0
0,1,1,0,0,0,3.5,4.0,1,0,1.0,2.46,Poor,0.2857142857142857,0.08999999999999986,0.88,1,0,0,1,0,0,1,0,0,1,0,1,0
1,0,1,0,1,0,4.0,2.0,0,0,2.0,3.39,Good,0.5,-1.6099999999999999,2.0,1,0,0,0,1,1,0,0,1,0,1,0,0
1,0,1,0,0,0,1.5,2.0,0,0,1.0,3.58,Average,1.3333333333333333,0.0,0.75,1,0,0,1,0,1,0,0,0,1,1,0,0
1,1,1,1,1,1,4.0,2.0,0,1,4.0,3.47,Good,0.75,0.11000000000000032,2.0,1,0,1,0,0,1,0,0,0,1,0,1,0
0,1,1,1,1,1,3.0,3.0,1,0,2.0,2.19,Poor,1.0,-0.71,1.0,1,0,0,0,1,1,0,0,0,1,0,1,0
0,0,1,1,1,0,4.0,2.0,0,0,1.0,3.25,Good,0.75,-0.06999999999999984,2.0,1,0,0,0,1,1,0,0,0,1,1,0,0
0,0,1,1,0,0,6.0,2.0,1,0,1.0,3.15,Poor,0.3333333333333333,-0.1499999999999999,3.0,1,0,0,0,1,1,0,1,0,0,1,0,0
0,0,1,0,0,0,4.0,2.0,0,0,6.0,3.78,Excellent,0.75,-0.14000000000000012,2.0,1,0,0,0,1,1,0,0,0,1,1,0,0
0,0,1,1,0,1,1.0,1.0,1,1,4.0,2.5,Poor,7.0,-0.2999999999999998,1.0,0,1,0,0,1,0,1,0,1,0,1,0,0
1,0,0,1,1,0,4.5,2.0,1,0,2.0,2.9,Average,0.6666666666666666,-0.43000000000000016,2.25,0,1,0,0,1,1,0,0,0,1,1,0,0
1,0,1,0,0,0,3.0,2.0,0,0,3.0,3.4,Good,1.0,-0.14000000000000012,1.5,1,0,0,0,1,1,0,0,0,1,1,0,0
1,1,1,0,0,0,5.0,3.5,0,0,2.0,3.81,Excellent,0.4,0.1499999999999999,1.43,1,0,0,0,1,1,0,0,0,1,1,0,0
0,0,1,1,1,0,2.0,2.0,0,0,3.0,3.13,Average,1.0,-0.6499999999999999,1.0,1,0,0,0,1,1,0,0,1,0,1,0,0
0,0,1,1,1,1,5.0,4.0,0,0,1.0,3.81,Excellent,0.6,-0.009999999999999787,1.25,1,0,0,0,1,0,1,0,0,1,1,0,0
1,1,1,1,1,1,4.5,1.0,0,0,4.0,3.93,Excellent,0.2222222222222222,-0.06999999999999984,4.5,1,0,0,0,1,1,0,0,0,1,0,1,0
1,0,1,1,1,1,4.0,2.0,0,0,2.0,3.54,Average,0.75,0.0,2.0,1,0,0,1,0,1,0,0,1,0,1,0,0
1,0,1,1,0,0,4.0,2.0,0,0,2.0,2.55,Poor,0.5,0.0,2.0,1,0,0,1,0,1,0,0,0,1,1,0,0
0,0,1,0,0,0,3.0,1.0,0,0,2.0,3.59,Average,1.6666666666666667,-0.06000000000000005,3.0,0,1,0,0,1,1,0,0,0,1,1,0,0
1,1,1,0,0,0,3.5,2.0,0,0,2.0,3.62,Good,1.1428571428571428,0.0,1.75,1,0,0,0,1,0,1,0,0,1,1,0,0
0,1,1,0,0,0,2.0,2.0,0,0,1.0,3.45,Good,0.5,-0.25,1.0,1,0,0,1,0,0,1,0,0,1,1,0,0
1,1,1,1,1,0,3.5,2.0,0,0,1.0,3.5,Good,0.5714285714285714,0.0,1.75,0,1,0,0,1,0,1,0,0,1,0,1,0
1,1,1,1,0,0,5.0,2.0,0,0,4.0,3.48,Good,0.6,0.0,2.5,0,1,0,0,1,0,1,0,0,1,0,1,0
0,0,0,1,1,0,3.3475298126064734,2.0,0,0,2.0,2.92,Average,0.8961832061068703,-0.08999999999999986,1.67,1,0,0,0,1,1,0,0,0,1,0,1,0
1,1,1,1,1,0,4.0,2.0,0,0,2.0,3.56,Good,0.75,-0.2999999999999998,2.0,1,0,0,0,1,0,1,0,0,1,0,1,0
1,1,1,1,0,0,4.0,4.0,0,0,2.0,3.81,Poor,1.75,0.43000000000000016,1.0,0,1,0,0,1,0,1,0,0,1,1,0,0
1,1,1,1,0,0,5.0,1.0,0,0,1.0,3.42,Good,0.4,0.3500000000000001,5.0,1,0,0,0,1,0,1,0,0,1,0,0,1
1,1,1,0,0,0,3.5,2.0,0,0,3.0,3.56,Good,1.1428571428571428,-0.029999999999999805,1.75,1,0,0,0,1,0,1,0,0,1,1,0,0
0,0,1,1,1,0,2.0,1.0,0,0,4.0,3.06,Poor,3.0,0.4700000000000002,2.0,1,0,0,0,1,1,0,0,0,1,0,1,0
0,0,1,0,0,0,2.0,2.0,1,0,0.0,3.24,Good,1.0,-0.05999999999999961,1.0,1,0,0,0,1,1,0,0,0,1,1,0,0
1,1,1,1,1,0,4.0,4.0,0,0,2.0,3.78,Poor,1.75,0.05999999999999961,1.0,1,0,0,0,1,0,1,0,0,1,1,0,0
1,1,1,1,0,0,3.0,2.0,0,0,1.0,3.9,Excellent,0.6666666666666666,0.0,1.5,1,0,0,1,0,0,1,0,0,1,1,0,0
0,0,1,1,1,0,2.0,2.0,1,1,1.0,2.65,Poor,2.5,0.10000000000000009,1.0,1,0,0,1,0,1,0,0,1,0,1,0,0
1,0,1,0,0,0,4.0,2.0,0,0,3.0,2.8,Average,0.5,-0.20000000000000018,2.0,1,0,0,1,0,1,0,0,1,0,1,0,0
1,0,1,1,0,0,4.0,4.0,1,0,1.0,2.59,Poor,0.5,0.5899999999999999,1.0,0,1,0,1,0,1,0,0,1,0,1,0,0
1,0,1,1,0,1,5.5,2.0,0,0,4.0,3.9,Excellent,0.36363636363636365,-0.06000000000000005,2.75,1,0,0,0,1,1,0,0,0,1,0,0,1
1,1,1,1,0,0,2.0,4.0,0,0,1.0,3.7,Average,0.5,0.0,0.5,1,0,0,0,1,1,0,0,1,0,1,0,0
0,0,1,0,0,0,5.0,2.0,0,0,3.0,3.39,Poor,1.4,0.0900000000000003,2.5,0,1,0,1,0,0,1,0,0,1,1,0,0
0,0,1,0,1,1,3.0,2.0,0,0,2.0,3.51,Good,0.6666666666666666,0.3099999999999996,1.5,1,0,0,0,1,1,0,0,0,1,0,1,0
1,1,1,1,0,0,5.0,2.0,0,0,4.0,3.67,Good,0.6,0.10000000000000009,2.5,1,0,0,0,1,0,1,0,0,1,1,0,0
0,1,1,1,1,0,3.0,2.0,0,0,1.0,3.11,Average,0.3333333333333333,-0.26000000000000023,1.5,1,0,0,0,1,0,1,0,0,1,1,0,0
1,0,1,1,1,0,4.5,2.0,1,0,2.0,2.85,Average,0.2222222222222222,-0.31999999999999984,2.25,1,0,1,0,0,1,0,0,0,1,1,0,0
0,0,1,1,0,0,1.0,1.0,0,0,1.0,3.45,Average,1.0,-0.04999999999999982,1.0,1,0,0,1,0,1,0,0,0,1,1,0,0
0,0,1,1,0,0,4.5,2.0,0,0,3.0,3.78,Excellent,0.2222222222222222,0.0,2.25,1,0,0,1,0,1,0,0,0,1,1,0,0
1,1,1,1,1,1,2.5,2.0,0,0,3.0,3.59,Good,0.4,-0.31000000000000005,1.25,1,0,0,0,1,1,0,0,0,1,1,0,0
0,1,1,0,0,0,4.0,2.0,0,0,1.0,2.5,Poor,1.0,-0.43999999999999995,2.0,1,0,0,0,1,0,1,1,0,0,1,0,0
1,1,1,0,0,0,3.0,2.0,0,0,2.0,2.8,Average,1.6666666666666667,-0.0900000000000003,1.5,1,0,0,1,0,0,1,0,1,0,1,0,0
0,0,1,0,0,0,4.0,4.0,0,0,1.0,2.56,Poor,0.5,0.76,1.0,1,0,0,0,1,1,0,0,0,1,1,0,0
0,0,1,0,0,0,4.0,3.0,0,0,4.0,3.75,Average,0.75,0.9700000000000002,1.33,0,1,0,0,1,1,0,0,1,0,1,0,0
0,0,0,1,0,0,1.0,3.5,1,0,4.0,2.38,Poor,2.0,0.9299999999999999,0.29,1,0,0,1,0,0,1,0,0,1,1,0,0
0,0,1,1,1,0,5.0,3.0,0,0,2.0,3.54,Poor,0.4,1.0899999999999999,1.67,0,1,0,0,1,1,0,0,0,1,1,0,0
1,0,0,0,1,0,6.0,3.0,0,0,1.0,2.45,Poor,0.6666666666666666,1.0000000000000002,2.0,1,0,1,0,0,0,1,0,1,0,1,0,0
0,0,1,0,0,0,3.0,2.0,0,0,2.0,3.19,Poor,2.3333333333333335,1.19,1.5,1,0,0,0,1,0,1,0,0,1,1,0,0
1,0,1,1,0,0,1.0,2.0,0,0,2.0,3.99,Poor,7.0,1.1,0.5,1,0,1,0,0,1,0,0,0,1,1,0,0
0,0,1,1,0,0,2.0,1.0,0,0,1.0,3.75,Poor,3.5,0.8700000000000001,2.0,1,0,0,0,1,1,0,1,0,0,1,0,0
0,0,1,1,1,0,3.0,2.0,1,0,2.0,2.98,Poor,2.3333333333333335,1.1099999999999999,1.5,1,0,0,1,0,1,0,1,0,0,1,0,0
0,0,0,1,1,0,1.0,1.0,1,0,3.0,3.53,Poor,3.0,1.0899999999999999,1.0,1,0,1,0,0,0,1,1,0,0,1,0,0
0,0,0,1,0,1,4.0,2.0,0,0,1.0,3.65,Average,0.5,0.8500000000000001,2.0,1,0,0,0,1,0,1,0,0,1,1,0,0
0,0,1,1,0,0,5.0,3.0,0,0,2.0,3.47,Poor,0.4,1.3600000000000003,1.67,0,1,0,0,1,0,1,0,0,1,1,0,0
0,0,1,0,0,0,4.0,1.0,0,0,2.0,3.49,Poor,0.75,1.12,4.0,1,0,1,0,0,1,0,0,0,1,0,1,0
0,0,1,0,0,0,3.0,1.0,1,0,2.0,3.8,Average,1.0,1.0499999999999998,3.0,1,0,0,0,1,0,1,0,0,1,0,1,0
0,0,1,1,0,0,3.0,2.0,0,0,3.0,2.91,Poor,1.3333333333333333,0.9300000000000002,1.5,0,1,0,0,1,1,0,0,0,1,0,1,0
0,0,1,1,1,0,2.0,1.0,0,0,2.0,3.7,Average,1.5,1.06,2.0,0,1,0,0,1,0,1,0,0,1,0,1,0
0,0,1,0,1,0,5.0,2.0,0,0,6.0,2.66,Poor,1.4,0.8900000000000001,2.5,0,1,0,0,1,1,0,0,1,0,0,1,0
0,0,1,0,1,0,5.0,2.0,0,0,1.0,2.77,Poor,1.4,0.5800000000000001,2.5,1,0,0,0,1,0,1,0,0,1,0,1,0
1,0,1,1,1,0,5.0,3.5,1,1,3.0,3.19,Poor,1.4,1.0,1.43,0,1,1,0,0,1,0,1,0,0,0,1,0
0,0,1,0,0,1,3.0,1.0,1,0,2.0,2.98,Poor,2.3333333333333335,1.0,3.0,0,1,0,0,1,1,0,0,0,1,0,1,0
0,0,1,0,1,0,4.0,2.0,1,0,4.0,2.9,Poor,0.5,1.0699999999999998,2.0,1,0,0,0,1,0,1,0,1,0,0,1,0
0,0,1,1,0,0,3.0,1.0,0,0,2.0,2.82,Poor,2.3333333333333335,0.9499999999999997,3.0,0,1,0,0,1,1,0,0,0,1,0,1,0
0,0,1,0,0,0,1.0,1.0,0,0,2.0,3.71,Poor,3.0,1.06,1.0,0,1,0,0,1,1,0,1,0,0,0,1,0
1,0,1,1,0,0,6.0,2.0,1,0,5.0,3.45,Poor,0.6666666666666666,1.2600000000000002,3.0,1,0,1,0,0,0,1,0,0,1,0,1,0
1,0,1,1,0,0,3.0,2.0,0,0,1.0,3.4,Average,1.3333333333333333,0.8999999999999999,1.5,1,0,0,0,1,0,1,0,0,1,0,1,0
0,0,1,0,0,0,2.0,1.0,1,0,4.0,3.85,Average,1.5,1.0300000000000002,2.0,1,0,0,0,1,1,0,0,0,1,0,1,0
0,0,1,0,0,0,2.0,1.0,1,0,2.0,2.68,Poor,1.0,1.34,2.0,0,1,0,1,0,1,0,1,0,0,0,1,0
0,0,1,1,0,0,1.0,1.0,0,0,2.0,3.79,Average,4.0,1.1099999999999999,1.0,1,0,0,1,0,1,0,0,1,0,0,1,0
0,0,1,0,1,0,2.0,1.0,1,0,1.0,2.98,Poor,0.5,1.01,2.0,0,1,0,0,1,0,1,0,1,0,0,1,0
1,0,1,0,0,0,5.0,2.0,0,0,4.0,3.86,Average,0.6,1.1,2.5,1,0,1,0,0,0,1,0,0,1,0,1,0
0,0,1,1,1,0,4.0,2.0,0,0,2.0,2.79,Poor,1.75,1.07,2.0,1,0,1,0,0,0,1,1,0,0,0,1,0
0,0,1,0,1,0,2.0,2.0,0,0,4.0,3.75,Average,1.0,1.13,1.0,1,0,0,1,0,1,0,0,0,1,0,1,0
0,0,1,0,0,0,2.0,1.0,0,0,4.0,2.59,Poor,1.0,1.0799999999999998,2.0,1,0,1,0,0,1,0,0,0,1,0,1,0
0,0,0,0,0,0,2.0,3.0,1,0,2.0,2.53,Poor,1.0,1.0799999999999998,0.67,1,0,0,0,1,1,0,0,0,1,0,1,0
0,0,0,0,0,0,2.0,1.0,0,0,2.0,3.24,Poor,2.0,1.08,2.0,1,0,0,0,1,1,0,0,0,1,0,1,0
0,0,1,0,1,0,2.0,1.0,1,0,2.0,3.62,Average,1.0,1.06,2.0,1,0,0,0,1,0,1,0,0,1,0,1,0
1,0,1,1,0,0,1.0,1.0,0,0,3.0,3.1,Poor,7.0,1.1300000000000001,1.0,1,0,1,0,0,1,0,0,0,1,0,1,0
0,0,1,0,1,0,2.0,2.0,1,0,1.0,3.31,Poor,1.5,0.98,1.0,1,0,0,0,1,0,1,0,0,1,0,1,0
0,0,1,0,0,0,2.0,1.0,1,0,2.0,2.68,Poor,1.5,1.08,2.0,1,0,0,0,1,1,0,0,0,1,0,1,0
0,0,1,0,1,0,4.0,3.0,0,0,3.0,3.22,Poor,1.5,1.1100000000000003,1.33,1,0,0,0,1,1,0,0,1,0,0,1,0
0,0,1,0,1,0,3.0,1.0,1,1,2.0,2.16,Poor,2.3333333333333335,0.9700000000000002,3.0,0,1,0,1,0,1,0,0,0,1,0,1,0
0,0,1,1,0,0,4.0,2.0,0,0,2.0,3.78,Average,1.25,1.13,2.0,0,1,1,0,0,1,0,0,0,1,0,1,0
0,0,1,1,1,0,2.0,2.0,1,0,1.0,3.7,Average,1.0,1.0300000000000002,1.0,1,0,0,0,1,1,0,0,0,1,0,1,0
0,0,1,0,0,0,3.0,3.0,1,0,2.0,3.51,Poor,1.0,1.0699999999999998,1.0,0,1,0,0,1,0,1,1,0,0,0,1,0
0,0,1,1,1,0,3.0,3.0,1,0,1.0,2.68,Poor,1.0,1.0300000000000002,1.0,1,0,1,0,0,1,0,0,1,0,0,1,0
0,0,1,0,1,0,2.0,2.0,0,0,2.0,3.61,Average,1.5,1.0699999999999998,1.0,1,0,0,0,1,1,0,0,1,0,0,1,0
0,0,1,0,1,0,2.0,1.0,1,0,2.0,3.61,Average,1.0,1.1099999999999999,2.0,0,1,1,0,0,0,1,0,0,1,0,1,0
0,0,1,0,1,0,4.0,2.0,0,0,2.0,3.39,Poor,1.75,1.3200000000000003,2.0,0,1,0,0,1,0,1,0,0,1,0,1,0
0,0,1,1,0,0,4.0,2.0,0,0,1.0,2.64,Poor,1.5,0.8700000000000001,2.0,0,1,1,0,0,0,1,0,0,1,0,1,0
1,0,1,0,0,0,3.0,1.0,0,0,2.0,3.21,Poor,1.6666666666666667,1.1,3.0,1,0,0,0,1,1,0,0,0,1,0,1,0
0,0,0,1,1,0,2.0,1.0,1,0,4.0,3.41,Poor,1.0,1.08,2.0,1,0,0,0,1,1,0,1,0,0,0,1,0
0,0,1,1,1,0,3.0,1.0,1,0,4.0,3.84,Average,1.0,1.0699999999999998,3.0,1,0,0,1,0,1,0,0,0,1,0,1,0
1,0,1,1,0,0,5.0,4.0,0,0,3.0,3.98,Average,0.4,1.1099999999999999,1.25,1,0,1,0,0,0,1,0,0,1,0,1,0
0,0,1,0,0,0,4.0,1.0,0,0,2.0,3.43,Poor,1.75,1.2400000000000002,4.0,0,1,0,0,1,1,0,0,0,1,0,1,0
0,0,1,1,0,0,2.0,1.0,0,0,2.0,3.39,Poor,3.5,1.2800000000000002,2.0,1,0,1,0,0,0,1,0,0,1,0,1,0
0,0,1,1,1,1,1.0,2.0,0,0,4.0,3.57,Poor,2.0,1.06,0.5,1,0,0,0,1,1,0,1,0,0,0,1,0
0,0,1,0,1,0,3.0,2.0,0,0,2.0,3.38,Poor,1.0,1.1599999999999997,1.5,0,1,0,1,0,1,0,0,0,1,0,1,0
0,0,1,0,0,0,2.0,2.0,1,0,3.0,2.91,Poor,1.0,1.05,1.0,1,0,0,0,1,1,0,1,0,0,0,1,0
0,0,0,0,1,0,1.0,1.0,0,0,1.0,2.95,Poor,7.0,1.08,1.0,1,0,0,1,0,0,1,1,0,0,0,1,0
1,0,1,1,0,0,5.0,2.0,0,0,2.0,3.91,Average,0.6,1.0300000000000002,2.5,0,1,0,1,0,1,0,0,0,1,0,1,0
0,0,1,0,0,0,3.0,3.0,1,1,1.0,3.39,Poor,2.0,1.4800000000000002,1.0,0,1,0,0,1,0,1,0,0,1,0,1,0
0,0,1,0,0,0,3.0,3.0,0,0,2.0,2.9,Poor,0.6666666666666666,1.0899999999999999,1.0,0,1,0,0,1,0,1,0,0,1,0,1,0
0,0,1,1,0,1,2.0,2.0,1,0,2.0,2.8,Poor,1.0,1.0799999999999998,1.0,1,0,0,0,1,0,1,1,0,0,0,1,0
0,0,1,1,0,0,1.0,1.0,0,0,2.0,2.63,Poor,3.0,1.0699999999999998,1.0,1,0,0,0,1,1,0,0,1,0,0,1,0
0,0,1,0,1,1,1.0,1.0,0,0,2.0,3.39,Poor,4.0,1.1600000000000001,1.0,1,0,0,1,0,0,1,0,0,1,0,1,0
0,0,1,1,0,0,2.0,1.0,1,0,2.0,3.74,Average,1.5,1.0700000000000003,2.0,1,0,0,0,1,1,0,0,0,1,0,1,0
0,0,1,0,0,1,4.0,3.0,0,0,2.0,2.87,Poor,1.0,1.2200000000000002,1.33,0,1,0,0,1,1,0,1,0,0,0,1,0
0,0,1,1,0,0,2.0,1.0,0,0,2.0,3.88,Poor,3.0,1.44,2.0,0,1,1,0,0,0,1,0,0,1,0,1,0
0,0,1,0,1,0,4.0,2.0,1,0,4.0,2.63,Poor,0.75,1.0699999999999998,2.0,1,0,0,0,1,0,1,1,0,0,0,1,0
0,0,1,0,0,1,6.0,4.0,0,0,4.0,3.21,Poor,0.6666666666666666,1.0,1.5,1,0,0,0,1,1,0,0,1,0,0,1,0
0,0,1,0,0,0,1.0,3.0,0,0,1.0,3.68,Average,3.0,1.0700000000000003,0.33,1,0,0,0,1,1,0,0,0,1,0,1,0
0,0,1,1,0,0,3.0,3.0,0,0,2.0,3.5,Poor,0.6666666666666666,1.0899999999999999,1.0,1,0,0,1,0,1,0,0,0,1,0,1,0
0,0,1,0,1,0,2.0,3.0,1,0,2.0,2.66,Poor,1.5,1.09,0.67,0,1,1,0,0,0,1,0,0,1,0,1,0
1,0,1,1,1,0,4.0,1.0,1,0,2.0,3.8,Average,0.5,1.0699999999999998,4.0,1,0,1,0,0,1,0,0,0,1,0,1,0
0,0,1,1,0,1,2.0,1.0,1,0,4.0,3.93,Average,1.0,1.06,2.0,1,0,1,0,0,0,1,0,0,1,0,1,0
0,0,1,0,0,0,3.0,2.0,0,0,3.0,2.66,Poor,1.0,1.1,1.5,0,1,0,0,1,1,0,0,0,1,0,1,0
0,0,1,0,0,1,3.0,2.0,0,0,3.0,3.98,Poor,2.3333333333333335,1.1099999999999999,1.5,0,1,1,0,0,1,0,0,0,1,0,1,0
0,0,1,0,0,0,3.0,1.0,0,0,1.0,2.85,Poor,2.3333333333333335,1.06,3.0,0,1,1,0,0,1,0,0,0,1,0,1,0
1,0,1,0,0,0,7.0,3.0,0,0,2.0,3.93,Average,0.42857142857142855,1.0500000000000003,2.33,0,1,1,0,0,0,1,0,0,1,0,1,0
0,0,1,0,0,1,4.0,2.0,1,0,1.0,3.84,Average,0.5,1.06,2.0,1,0,0,0,1,1,0,0,0,1,0,1,0
1,0,1,0,1,1,1.5,1.0,0,0,3.0,3.19,Poor,2.6666666666666665,0.8300000000000001,1.5,0,1,0,1,0,0,1,0,0,1,0,1,0
0,0,1,1,0,0,3.0,2.0,0,0,3.0,3.15,Poor,1.3333333333333333,1.12,1.5,1,0,0,0,1,0,1,0,0,1,0,1,0
1,0,1,1,1,0,5.0,3.0,1,0,4.0,3.9,Average,0.2,1.0699999999999998,1.67,1,0,0,1,0,1,0,0,1,0,0,1,0
1,0,1,0,1,0,5.0,3.0,0,0,1.0,3.78,Poor,0.8,1.3399999999999999,1.67,1,0,1,0,0,0,1,0,0,1,0,1,0
0,0,1,1,0,0,5.0,3.0,0,0,3.0,2.99,Poor,1.0,1.3300000000000003,1.67,1,0,0,0,1,0,1,1,0,0,0,1,0
0,1,1,0,1,0,6.0,4.0,0,0,2.0,3.76,Average,0.5,1.2199999999999998,1.5,1,0,1,0,0,0,1,0,1,0,0,1,0
1,0,1,0,0,0,2.0,1.0,0,0,1.0,3.59,Average,2.0,0.7999999999999998,2.0,0,1,0,0,1,0,1,0,0,1,0,1,0
0,0,1,1,0,0,2.0,1.0,1,1,2.0,2.67,Poor,3.0,1.1199999999999999,2.0,1,0,0,1,0,1,0,0,1,0,0,1,0
0,0,1,0,0,1,4.0,2.0,1,0,2.0,2.57,Poor,0.5,1.3199999999999998,2.0,1,0,1,0,0,0,1,0,0,1,0,1,0
0,0,1,0,0,0,4.0,2.0,0,0,2.0,3.61,Average,0.5,1.0499999999999998,2.0,1,0,1,0,0,1,0,0,0,1,0,1,0
0,0,1,0,1,0,3.0,1.0,1,0,1.0,3.7,Average,1.0,1.06,3.0,1,0,0,0,1,0,1,0,0,1,0,1,0
1,0,1,0,1,1,4.0,2.0,0,0,2.0,2.67,Poor,1.75,1.22,2.0,1,0,1,0,0,0,1,0,1,0,0,1,0
0,0,1,0,0,1,3.0,2.0,0,0,3.0,2.87,Poor,1.0,1.31,1.5,1,0,0,1,0,1,0,1,0,0,0,1,0
1,0,1,1,0,0,6.0,4.0,0,0,5.0,3.37,Poor,0.8333333333333334,1.27,1.5,1,0,0,0,1,0,1,1,0,0,0,1,0
0,0,0,0,0,0,2.0,1.0,0,0,1.0,3.28,Poor,1.5,1.1799999999999997,2.0,0,1,0,0,1,0,1,1,0,0,0,1,0
0,0,1,1,0,0,2.0,2.0,1,0,4.0,2.64,Poor,1.0,1.1,1.0,0,1,0,0,1,0,1,0,0,1,0,1,0
0,0,1,1,1,1,1.5,3.0,1,1,1.0,3.43,Poor,1.3333333333333333,1.04,0.5,1,0,0,1,0,0,1,0,1,0,0,1,0
0,0,1,0,0,0,4.0,3.0,0,0,3.0,3.87,Average,0.5,1.3600000000000003,1.33,0,1,1,0,0,0,1,0,1,0,0,1,0
1,0,1,0,1,0,2.0,2.0,0,0,2.0,3.89,Average,0.5,1.08,1.0,1,0,0,1,0,1,0,0,1,0,0,1,0
0,0,1,1,0,0,2.0,1.0,0,0,1.0,3.54,Poor,1.0,1.0899999999999999,2.0,1,0,1,0,0,1,0,0,0,1,0,1,0
0,0,1,0,1,1,3.0,1.0,1,0,2.0,3.72,Average,1.0,1.06,3.0,1,0,0,0,1,0,1,0,0,1,0,1,0
1,0,1,1,1,1,6.0,1.0,0,0,1.0,3.23,Poor,0.6666666666666666,1.19,6.0,1,0,0,0,1,0,1,0,1,0,0,1,0
0,0,1,0,1,0,4.0,2.0,0,1,2.0,3.56,Poor,1.5,1.27,2.0,0,1,1,0,0,1,0,0,0,1,0,1,0
0,0,1,1,0,0,4.0,2.0,0,0,3.0,3.77,Poor,1.75,1.2200000000000002,2.0,1,0,1,0,0,0,1,0,0,1,0,1,0
1,0,1,1,1,1,4.0,2.0,0,0,3.0,3.89,Good,0.5,0.9900000000000002,2.0,1,0,1,0,0,1,0,0,0,1,0,1,0
0,0,1,0,1,0,3.0,2.0,0,0,2.0,3.42,Poor,1.0,1.08,1.5,1,0,0,0,1,1,0,0,0,1,0,1,0
0,0,1,1,0,0,4.0,2.0,0,0,2.0,3.11,Poor,1.0,1.0299999999999998,2.0,0,1,1,0,0,0,1,0,0,1,0,1,0
0,0,1,1,0,0,3.0,1.0,0,0,3.0,3.5,Poor,2.3333333333333335,0.9900000000000002,3.0,0,1,1,0,0,0,1,0,0,1,0,1,0
0,0,1,0,0,0,3.0,1.0,0,0,3.0,3.33,Poor,2.3333333333333335,1.2000000000000002,3.0,0,1,0,0,1,0,1,0,0,1,0,1,0
0,0,1,0,0,0,2.0,1.0,0,1,1.0,2.56,Poor,1.0,1.1300000000000001,2.0,1,0,0,0,1,1,0,1,0,0,0,1,0
0,0,1,0,1,0,2.0,3.0,1,0,1.0,2.33,Poor,1.5,1.07,0.67,1,0,0,0,1,0,1,0,0,1,0,1,0
0,0,1,1,0,0,2.0,3.0,1,0,4.0,2.6,Poor,1.5,1.04,0.67,1,0,1,0,0,1,0,1,0,0,0,1,0
0,0,1,0,0,0,2.0,3.0,0,0,4.0,2.81,Poor,0.5,1.06,0.67,1,0,0,1,0,1,0,0,0,1,0,1,0
0,0,1,0,1,0,2.0,1.0,0,0,3.0,2.87,Poor,3.5,1.11,2.0,1,0,0,1,0,0,1,0,0,1,0,1,0
0,0,1,1,1,0,6.0,4.0,1,0,2.0,2.53,Poor,0.6666666666666666,1.1899999999999997,1.5,0,1,0,0,1,1,0,0,0,1,0,1,0
0,0,1,1,0,0,5.0,3.0,0,0,3.0,3.95,Good,0.8,1.04,1.67,1,0,1,0,0,1,0,0,0,1,0,1,0
0,0,1,0,1,1,2.0,3.0,1,0,4.0,3.52,Poor,1.0,1.06,0.67,0,1,0,0,1,0,1,1,0,0,0,1,0
0,0,1,0,0,0,3.0,1.0,0,0,3.0,2.98,Poor,2.3333333333333335,1.31,3.0,1,0,0,0,1,1,0,1,0,0,0,1,0
1,0,1,1,1,1,2.0,4.0,0,0,3.0,4.0,Average,1.0,1.3399999999999999,0.5,1,0,0,0,1,0,1,0,0,1,0,1,0
0,0,1,0,1,0,1.0,3.0,1,0,2.0,3.68,Poor,3.0,1.0300000000000002,0.33,0,1,1,0,0,0,1,1,0,0,0,0,1
0,0,1,0,0,0,2.0,1.0,0,0,4.0,3.91,Average,2.5,1.1100000000000003,2.0,1,0,0,0,1,0,1,0,0,1,0,0,1
0,0,1,0,1,0,5.0,3.0,0,0,1.0,2.67,Poor,1.2,1.21,1.67,1,0,0,0,1,0,1,0,0,1,0,0,1
0,0,1,0,0,0,2.0,3.0,1,0,4.0,2.73,Poor,1.0,1.06,0.67,1,0,0,0,1,1,0,0,0,1,0,0,1
0,0,1,0,1,0,3.0,3.0,1,0,1.0,2.58,Poor,1.0,1.23,1.0,1,0,1,0,0,1,0,1,0,0,0,0,1
0,0,1,0,0,0,3.0,1.0,0,0,2.0,3.66,Average,0.6666666666666666,1.1,3.0,1,0,1,0,0,0,1,0,1,0,0,0,1
0,0,1,0,0,0,1.0,1.0,0,0,3.0,3.78,Average,5.0,1.1099999999999999,1.0,0,1,1,0,0,0,1,0,0,1,0,0,1
0,0,1,1,1,0,2.0,2.0,0,0,2.0,3.61,Poor,0.5,1.0499999999999998,1.0,1,0,1,0,0,1,0,1,0,0,0,0,1
0,0,1,0,0,0,2.0,3.0,1,0,2.0,3.75,Average,1.0,1.08,0.67,1,0,0,0,1,1,0,0,0,1,0,0,1
0,0,1,1,0,0,3.0,3.0,0,0,1.0,3.55,Poor,0.6666666666666666,1.0899999999999999,1.0,1,0,0,1,0,1,0,0,0,1,0,0,1
0,0,1,1,1,0,1.0,2.0,1,0,2.0,2.65,Poor,3.0,1.21,0.5,1,0,0,0,1,0,1,0,1,0,0,0,1
0,0,1,0,1,0,3.0,2.0,0,0,4.0,3.62,Average,0.3333333333333333,1.0900000000000003,1.5,1,0,0,1,0,1,0,0,0,1,0,0,1
0,0,1,0,1,0,2.0,2.0,0,0,3.0,3.88,Average,2.5,1.0899999999999999,1.0,1,0,0,1,0,0,1,0,0,1,0,0,1
1,0,1,1,1,0,3.0,1.0,1,0,4.0,3.82,Average,1.0,1.0699999999999998,3.0,1,0,0,0,1,0,1,0,0,1,0,0,1
0,0,1,0,1,1,1.0,3.0,1,0,4.0,2.73,Poor,2.0,1.05,0.33,1,0,1,0,0,0,1,0,0,1,0,0,1
0,0,1,1,0,0,4.0,1.0,1,0,4.0,2.77,Poor,0.5,1.1,4.0,0,1,0,0,1,0,1,0,1,0,0,0,1
1,0,1,1,0,0,2.0,2.0,0,0,4.0,2.8,Poor,1.5,1.0399999999999998,1.0,1,0,1,0,0,1,0,0,1,0,0,0,1
0,0,1,1,0,0,4.0,2.0,0,0,2.0,3.9,Average,1.0,1.02,2.0,0,1,1,0,0,1,0,0,0,1,0,0,1
0,0,1,0,0,0,2.0,1.0,1,0,2.0,3.61,Average,1.5,1.0699999999999998,2.0,1,0,0,1,0,1,0,0,0,1,0,0,1
0,0,1,0,1,0,4.0,2.0,1,1,2.0,2.82,Poor,0.25,1.0599999999999998,2.0,1,0,1,0,0,0,1,0,0,1,0,0,1
0,0,1,0,1,1,3.0,2.0,0,0,2.0,3.64,Average,0.6666666666666666,1.1,1.5,1,0,0,0,1,0,1,0,0,1,0,0,1
0,0,1,1,1,0,3.0,2.0,0,0,1.0,2.68,Poor,0.6666666666666666,1.1400000000000001,1.5,1,0,0,0,1,0,1,0,0,1,0,0,1
0,0,1,0,1,1,2.0,1.0,0,0,2.0,2.5,Poor,1.0,1.04,2.0,1,0,0,0,1,1,0,1,0,0,0,0,1
1,0,1,0,0,0,6.0,3.0,0,0,4.0,3.97,Poor,1.1666666666666667,1.06,2.0,1,0,1,0,0,0,1,0,0,1,0,0,1
0,0,1,0,1,0,3.0,3.0,0,0,2.0,2.89,Poor,1.0,1.09,1.0,0,1,1,0,0,1,0,0,0,1,0,0,1
1,0,1,0,1,0,5.0,2.0,0,0,4.0,3.8,Average,0.6,1.02,2.5,1,0,0,0,1,1,0,0,0,1,0,0,1
1,0,1,1,1,0,3.0,2.0,0,0,2.0,2.56,Poor,2.3333333333333335,0.9100000000000001,1.5,1,0,1,0,0,0,1,1,0,0,0,0,1
1,0,1,0,1,0,2.0,1.0,0,0,2.0,3.87,Poor,2.0,1.5500000000000003,2.0,1,0,1,0,0,0,1,0,0,1,0,0,1
0,0,1,0,0,0,3.0,3.0,0,0,2.0,2.63,Poor,0.3333333333333333,1.0599999999999998,1.0,0,1,1,0,0,1,0,1,0,0,0,0,1
1,0,1,0,1,0,3.0,3.0,1,0,4.0,3.93,Average,1.0,1.08,1.0,1,0,0,0,1,0,1,0,0,1,0,0,1
0,0,1,0,0,0,3.0,2.0,0,0,4.0,3.84,Poor,0.3333333333333333,1.0999999999999996,1.5,1,0,0,0,1,0,1,1,0,0,0,0,1
0,0,1,0,1,0,3.0,2.0,0,1,3.0,3.03,Poor,2.3333333333333335,0.8999999999999999,1.5,1,0,0,0,1,1,0,0,0,1,0,0,1
1,0,1,0,1,0,6.0,2.0,0,0,4.0,3.91,Good,0.16666666666666666,1.0,3.0,1,0,1,0,0,0,1,0,0,1,0,0,1
0,0,1,0,0,0,3.0,3.0,1,0,1.0,2.49,Poor,0.6666666666666666,1.0600000000000003,1.0,1,0,0,0,1,1,0,0,0,1,0,0,1
0,0,0,0,0,0,2.0,1.0,0,0,3.0,2.89,Poor,2.5,0.9100000000000001,2.0,1,0,0,1,0,0,1,0,0,1,0,0,1
1,0,1,1,0,0,1.0,2.0,0,0,1.0,3.89,Average,5.0,0.98,0.5,1,0,0,1,0,0,1,0,0,1,1,0,0
1,0,1,1,0,0,2.0,1.0,0,0,1.0,3.48,Average,1.5,0.98,2.0,1,0,0,0,1,0,1,0,0,1,1,0,0
0,0,1,0,1,0,5.0,3.5,0,0,3.0,3.65,Average,1.0,0.7999999999999998,1.43,1,0,0,0,1,0,1,0,0,1,1,0,0
0,0,1,0,1,1,5.0,1.0,0,0,2.0,3.5,Poor,1.2,1.2999999999999998,5.0,1,0,0,1,0,0,1,0,0,1,1,0,0
1,0,1,1,1,0,3.5,1.0,0,0,3.0,3.48,Poor,1.4285714285714286,1.0,3.5,0,1,1,0,0,1,0,0,0,1,1,0,0
0,0,1,0,0,0,4.0,1.0,0,0,2.0,3.93,Average,0.75,1.06,4.0,1,0,0,0,1,1,0,0,0,1,1,0,0
1,0,0,1,0,0,2.0,2.0,0,0,2.0,3.35,Average,2.0,0.79,1.0,1,0,0,0,1,0,1,0,0,1,1,0,0
0,0,1,1,0,0,4.0,2.0,0,0,1.0,3.45,Poor,1.75,1.1400000000000001,2.0,1,0,0,0,1,0,1,0,0,1,1,0,0
0,0,1,1,0,0,3.0,1.0,0,1,2.0,3.56,Poor,1.0,1.1099999999999999,3.0,1,0,0,1,0,0,1,0,0,1,1,0,0
0,0,1,1,1,1,4.0,2.0,0,0,2.0,3.34,Poor,1.25,1.25,2.0,0,1,0,0,1,0,1,0,0,1,1,0,0
0,0,1,0,1,1,3.0,2.0,1,0,2.0,3.55,Poor,1.0,1.0999999999999996,1.5,1,0,0,0,1,0,1,1,0,0,1,0,0
0,0,1,0,0,0,2.0,2.0,0,0,4.0,3.77,Poor,1.5,1.1,1.0,0,1,0,0,1,0,1,0,1,0,1,0,0
0,0,1,1,0,1,1.0,2.0,0,0,3.0,2.97,Poor,3.0,1.0800000000000003,0.5,1,0,1,0,0,1,0,1,0,0,1,0,0
0,0,0,0,1,0,2.0,2.0,0,0,4.0,3.74,Poor,1.5,1.0700000000000003,1.0,0,1,0,1,0,0,1,1,0,0,1,0,0
1,0,1,0,0,0,2.0,2.0,1,0,2.0,3.8,Poor,1.0,1.0599999999999996,1.0,1,0,0,0,1,1,0,1,0,0,1,0,0
0,0,1,1,0,0,3.0,2.0,1,0,2.0,2.88,Poor,2.3333333333333335,1.2699999999999998,1.5,0,1,1,0,0,0,1,0,0,1,1,0,0
0,0,1,0,0,0,4.0,2.0,1,1,4.0,3.63,Average,0.5,1.0899999999999999,2.0,1,0,0,0,1,1,0,0,0,1,1,0,0
0,0,1,1,0,0,2.0,3.0,1,0,2.0,2.55,Poor,1.5,1.0899999999999999,0.67,1,0,0,0,1,1,0,0,1,0,1,0,0
1,0,1,0,0,0,2.0,2.0,0,0,4.0,3.79,Average,1.0,1.1400000000000001,1.0,1,0,0,0,1,1,0,0,0,1,1,0,0
0,0,1,0,1,0,3.0,2.0,0,0,2.0,2.92,Poor,1.0,1.04,1.5,0,1,1,0,0,1,0,1,0,0,0,1,0
1,0,1,1,1,0,2.0,1.0,1,0,1.0,3.8,Average,1.5,1.0299999999999998,2.0,1,0,1,0,0,0,1,0,1,0,0,1,0
0,0,1,0,0,0,4.0,2.0,0,0,2.0,2.97,Poor,1.5,0.9900000000000002,2.0,0,1,0,0,1,1,0,0,0,1,0,1,0
0,0,1,1,0,0,2.0,1.0,0,0,4.0,2.88,Poor,1.5,1.0699999999999998,2.0,0,1,0,1,0,1,0,1,0,0,0,1,0
0,0,1,1,0,0,2.0,3.0,0,0,1.0,3.9,Poor,1.5,1.0299999999999998,0.67,1,0,1,0,0,1,0,1,0,0,0,1,0
0,0,1,1,0,0,7.0,2.0,0,0,6.0,2.67,Poor,0.5714285714285714,0.9099999999999999,3.5,1,0,0,0,1,0,1,0,0,1,0,1,0
0,0,1,0,1,0,3.0,2.0,0,0,2.0,3.4,Poor,0.6666666666666666,1.06,1.5,1,0,0,0,1,1,0,1,0,0,0,1,0
0,0,1,1,0,0,5.0,2.0,0,0,1.0,3.28,Poor,1.0,1.21,2.5,1,0,0,0,1,1,0,0,0,1,0,1,0
0,0,1,0,0,1,2.0,3.0,0,0,4.0,3.51,Poor,1.0,1.0599999999999996,0.67,0,1,0,0,1,0,1,0,0,1,0,1,0
0,1,1,1,0,0,1.0,1.0,1,0,2.0,3.79,Poor,3.0,1.13,1.0,1,0,0,0,1,1,0,1,0,0,0,1,0
1,0,1,0,0,0,5.0,3.0,0,0,4.0,3.85,Average,0.4,1.08,1.67,1,0,0,0,1,0,1,0,0,1,0,1,0
0,0,1,0,0,0,5.0,3.0,1,0,2.0,3.7,Average,0.6,1.0700000000000003,1.67,0,1,0,1,0,0,1,0,0,1,0,1,0
1,0,1,0,1,0,3.0,3.0,0,0,2.0,3.79,Average,0.6666666666666666,0.98,1.0,0,1,1,0,0,0,1,0,1,0,0,1,0
0,0,1,1,0,0,2.0,1.0,0,0,1.0,3.44,Poor,1.5,1.0,2.0,1,0,0,0,1,0,1,0,0,1,0,1,0
0,0,1,1,1,0,1.0,1.0,0,0,5.0,3.22,Poor,5.0,0.7200000000000002,1.0,0,1,1,0,0,0,1,1,0,0,0,1,0
0,0,1,1,1,0,5.0,3.0,0,0,1.0,3.8,Poor,1.2,1.25,1.67,1,0,1,0,0,0,1,0,0,1,0,1,0
0,0,1,1,0,0,3.0,2.0,0,0,2.0,3.35,Poor,1.6666666666666667,1.13,1.5,1,0,0,1,0,0,1,0,0,1,0,1,0
0,0,1,1,1,0,3.0,3.0,0,0,2.0,3.64,Average,1.0,1.08,1.0,1,0,0,1,0,0,1,0,0,1,0,1,0
0,0,1,0,0,0,3.0,2.0,0,0,2.0,3.0,Poor,2.3333333333333335,1.01,1.5,1,0,0,0,1,0,1,0,0,1,0,1,0
0,0,1,1,0,0,3.0,2.0,0,0,1.0,2.62,Poor,0.6666666666666666,1.06,1.5,1,0,0,0,1,0,1,1,0,0,0,1,0
0,0,1,1,0,0,4.0,3.0,0,0,2.0,3.77,Average,0.5,1.1,1.33,1,0,1,0,0,1,0,0,1,0,0,1,0
0,0,0,0,1,0,4.0,2.0,0,0,2.0,3.44,Poor,1.5,1.13,2.0,1,0,1,0,0,0,1,0,0,1,0,1,0
0,0,1,1,1,0,2.0,2.0,1,0,4.0,2.37,Poor,1.5,1.11,1.0,1,0,0,0,1,0,1,0,1,0,0,1,0
0,0,1,1,1,0,1.0,2.0,0,0,4.0,2.78,Poor,4.0,1.2299999999999998,0.5,0,1,0,1,0,0,1,1,0,0,0,1,0
0,0,1,0,1,0,2.0,3.0,1,0,4.0,3.71,Average,1.0,1.0699999999999998,0.67,1,0,1,0,0,1,0,0,0,1,0,1,0
0,0,1,0,1,0,1.0,2.0,1,0,2.0,3.81,Average,2.0,1.0500000000000003,0.5,1,0,1,0,0,1,0,0,0,1,0,1,0
0,0,1,0,1,0,4.0,2.0,0,0,1.0,2.45,Poor,1.75,0.8300000000000001,2.0,1,0,0,1,0,1,0,0,0,1,0,1,0
1,0,1,0,1,0,2.5,2.0,0,0,2.0,3.6,Average,1.6,0.7200000000000002,1.25,0,1,0,1,0,0,1,0,1,0,0,1,0
0,0,1,1,1,0,3.0,2.0,1,0,4.0,3.57,Poor,2.0,0.96,1.5,1,0,0,0,1,0,1,0,0,1,0,1,0
1,0,1,1,1,0,1.0,2.0,0,0,2.0,3.79,Average,2.0,0.94,0.5,1,0,0,0,1,0,1,0,0,1,0,1,0
0,0,0,0,0,0,1.0,2.0,0,0,1.0,3.7,Poor,7.0,1.5100000000000002,0.5,1,0,1,0,0,0,1,0,0,1,0,1,0
0,0,1,1,1,0,5.0,2.0,1,0,2.0,2.81,Poor,0.8,0.9100000000000001,2.5,1,0,0,0,1,1,0,1,0,0,0,1,0
0,0,1,0,1,1,5.0,2.0,0,0,3.0,3.08,Poor,1.4,1.1900000000000002,2.5,0,1,1,0,0,1,0,0,1,0,0,1,0
0,0,1,1,0,0,6.0,3.0,0,0,1.0,3.81,Poor,1.1666666666666667,1.04,2.0,1,0,1,0,0,1,0,0,0,1,0,1,0
0,0,1,0,1,1,1.0,1.0,0,0,1.0,2.95,Poor,7.0,1.5500000000000003,1.0,1,0,0,0,1,0,1,0,0,1,0,1,0
1,0,1,0,0,0,5.0,3.0,0,0,1.0,2.87,Poor,0.8,1.11,1.67,1,0,1,0,0,1,0,1,0,0,0,1,0
1,0,1,1,0,0,5.0,3.0,0,0,1.0,3.83,Average,0.4,1.17,1.67,1,0,1,0,0,0,1,0,0,1,0,1,0
0,0,1,1,0,0,2.0,2.0,1,0,1.0,2.62,Poor,1.0,1.06,1.0,1,0,0,0,1,0,1,1,0,0,0,1,0
0,0,1,1,0,0,3.0,2.0,0,0,4.0,3.91,Average,1.0,1.04,1.5,1,0,0,0,1,0,1,0,0,1,0,1,0
1,0,1,0,0,0,2.0,1.0,1,0,3.0,3.23,Poor,3.5,1.1400000000000001,2.0,1,0,0,0,1,1,0,0,0,1,0,1,0
0,0,1,1,1,0,4.0,2.0,0,0,2.0,2.66,Poor,0.5,1.1,2.0,0,1,1,0,0,1,0,0,0,1,0,1,0
1,0,1,0,0,1,7.0,3.0,0,0,4.0,3.89,Average,0.42857142857142855,1.1100000000000003,2.33,1,0,0,0,1,0,1,0,0,1,0,1,0
0,0,1,1,1,0,1.0,1.0,0,0,2.0,3.51,Poor,2.0,1.0599999999999996,1.0,1,0,0,0,1,0,1,1,0,0,0,1,0
0,0,1,0,0,0,3.0,1.0,0,0,1.0,3.89,Average,1.0,1.1100000000000003,3.0,1,0,1,0,0,1,0,0,0,1,0,1,0
0,0,1,1,0,1,5.0,2.0,0,0,2.0,2.73,Poor,0.6,1.06,2.5,1,0,0,0,1,1,0,0,0,1,0,1,0
0,0,0,0,1,0,2.0,2.0,0,0,4.0,2.68,Poor,3.5,1.1300000000000001,1.0,1,0,1,0,0,1,0,0,0,1,0,1,0
0,0,1,0,0,0,2.0,2.0,0,0,2.0,2.88,Poor,3.5,1.0099999999999998,1.0,0,1,1,0,0,0,1,0,1,0,0,1,0
0,0,1,0,1,0,4.0,2.0,0,0,4.0,2.63,Poor,0.5,1.0699999999999998,2.0,1,0,1,0,0,1,0,0,1,0,0,1,0
0,0,1,1,0,0,2.0,2.0,0,0,1.0,3.5,Poor,3.0,0.7999999999999998,1.0,0,1,0,0,1,0,1,0,0,1,0,1,0
0,0,0,1,0,0,2.0,2.0,1,0,4.0,3.8,Average,1.0,1.04,1.0,1,0,0,0,1,0,1,0,0,1,0,1,0
0,0,1,0,1,0,2.0,2.0,1,0,4.0,2.56,Poor,1.5,1.11,1.0,1,0,0,0,1,1,0,1,0,0,0,1,0
0,0,1,0,1,0,5.0,3.0,0,0,2.0,2.76,Poor,1.2,1.2099999999999997,1.67,0,1,1,0,0,0,1,0,0,1,0,1,0
0,0,1,0,0,0,2.0,3.0,0,0,4.0,3.73,Average,1.0,1.06,0.67,1,0,0,0,1,1,0,0,0,1,0,1,0
0,0,1,1,1,1,2.0,2.0,0,0,1.0,3.9,Average,1.5,1.04,1.0,1,0,1,0,0,1,0,0,0,1,0,1,0
0,0,1,0,0,1,4.0,3.0,0,0,3.0,3.25,Poor,0.5,1.2200000000000002,1.33,1,0,0,0,1,0,1,0,1,0,0,1,0
0,0,1,0,0,0,4.0,2.0,0,0,2.0,3.65,Poor,1.75,1.3399999999999999,2.0,1,0,1,0,0,0,1,0,0,1,0,1,0
1,0,0,0,1,0,4.0,3.0,0,0,3.0,3.78,Average,0.75,1.1199999999999997,1.33,1,0,1,0,0,1,0,0,0,1,0,1,0
0,0,1,0,0,0,6.0,2.0,0,0,2.0,3.26,Poor,0.5,1.15,3.0,0,1,0,0,1,0,1,0,0,1,0,1,0
0,0,1,0,0,0,3.0,3.0,0,0,4.0,2.7,Poor,1.0,1.0300000000000002,1.0,1,0,0,0,1,0,1,0,0,1,0,1,0
1,0,1,1,1,0,3.0,2.0,0,0,3.0,3.44,Poor,1.6666666666666667,1.04,1.5,1,0,1,0,0,1,0,0,0,1,0,1,0
0,0,1,0,0,0,3.0,2.0,1,0,1.0,2.81,Poor,2.3333333333333335,1.26,1.5,0,1,0,1,0,0,1,1,0,0,0,1,0
1,0,1,1,1,0,5.0,2.0,0,0,1.0,3.59,Poor,1.4,1.04,2.5,0,1,0,0,1,1,0,0,0,1,0,1,0
0,0,1,1,1,0,1.0,3.0,1,0,4.0,3.56,Poor,3.0,1.1099999999999999,0.33,1,0,0,0,1,0,1,0,0,1,0,1,0
1,0,1,1,0,0,6.0,4.0,0,0,3.0,3.87,Average,0.3333333333333333,1.1,1.5,1,0,1,0,0,1,0,0,0,1,0,1,0
0,0,1,0,1,0,3.0,1.0,0,0,2.0,3.6,Average,1.0,1.0700000000000003,3.0,1,0,0,0,1,1,0,0,0,1,0,1,0
0,0,1,1,1,1,3.0,1.0,1,0,2.0,2.71,Poor,1.0,1.06,3.0,0,1,0,0,1,1,0,1,0,0,0,1,0
0,0,1,0,0,1,3.0,1.0,0,0,3.0,3.68,Poor,2.3333333333333335,1.3600000000000003,3.0,0,1,0,1,0,1,0,1,0,0,0,1,0
0,0,1,0,1,0,1.0,3.0,0,0,2.0,3.7,Average,2.0,1.0900000000000003,0.33,1,0,0,0,1,0,1,0,1,0,0,1,0
0,0,1,0,1,0,2.0,1.0,1,0,4.0,2.61,Poor,1.5,1.0599999999999998,2.0,0,1,0,0,1,0,1,1,0,0,0,1,0
0,0,1,1,1,0,4.0,2.0,0,0,2.0,3.67,Poor,1.75,1.44,2.0,0,1,0,0,1,0,1,0,0,1,0,1,0
0,0,1,1,1,0,1.0,3.0,1,0,3.0,3.34,Poor,3.0,0.8899999999999997,0.33,0,1,1,0,0,1,0,1,0,0,0,1,0
0,0,1,0,0,1,1.0,1.0,0,0,1.0,3.56,Poor,3.0,1.4500000000000002,1.0,0,1,0,0,1,0,1,0,0,1,0,1,0
0,0,1,0,0,0,3.0,2.0,0,0,1.0,2.62,Poor,1.6666666666666667,1.03,1.5,1,0,0,0,1,1,0,0,1,0,0,1,0
0,0,1,0,1,0,5.0,1.0,1,0,4.0,3.67,Average,0.6,1.1099999999999999,5.0,1,0,1,0,0,0,1,0,0,1,0,1,0
0,0,0,0,1,0,6.0,3.0,0,0,1.0,3.77,Average,0.5,1.0100000000000002,2.0,0,1,1,0,0,1,0,0,0,1,0,1,0
0,0,1,1,1,0,2.0,3.0,0,0,4.0,3.8,Average,1.5,1.04,0.67,1,0,0,0,1,1,0,0,0,1,0,1,0
0,0,0,0,0,0,3.0,3.0,0,0,4.0,3.7,Average,0.6666666666666666,1.0900000000000003,1.0,1,0,0,0,1,1,0,0,0,1,0,1,0
1,0,1,0,0,0,1.0,3.0,0,0,4.0,3.86,Average,3.0,1.1099999999999999,0.33,1,0,0,1,0,0,1,0,0,1,0,1,0
1,0,1,0,1,0,2.0,3.0,0,1,3.0,3.39,Poor,1.5,1.4100000000000001,0.67,1,0,0,1,0,0,1,0,0,1,0,1,0
1,0,1,0,0,0,6.0,4.0,0,0,3.0,3.87,Average,0.5,1.1,1.5,1,0,1,0,0,0,1,0,0,1,0,1,0
0,0,1,1,1,0,2.0,2.0,0,0,2.0,2.82,Poor,2.5,1.0299999999999998,1.0,1,0,0,0,1,0,1,0,1,0,0,1,0
0,0,1,0,0,0,3.0,2.0,1,0,2.0,2.91,Poor,0.6666666666666666,1.0300000000000002,1.5,0,1,0,0,1,1,0,0,0,1,0,1,0
0,0,1,0,1,1,3.0,1.0,0,0,1.0,3.49,Poor,2.3333333333333335,1.1100000000000003,3.0,0,1,0,0,1,1,0,0,1,0,0,1,0
0,0,1,1,0,0,4.0,2.0,0,0,1.0,3.21,Poor,1.25,1.13,2.0,0,1,0,0,1,1,0,0,0,1,0,1,0
0,0,1,0,0,0,5.0,2.0,0,0,1.0,3.4,Poor,1.4,1.51,2.5,0,1,0,0,1,0,1,1,0,0,0,1,0
0,0,1,1,1,0,2.0,1.0,1,1,1.0,2.47,Poor,2.5,1.2600000000000002,2.0,0,1,1,0,0,0,1,1,0,0,0,1,0
0,0,1,1,1,0,3.0,2.0,0,0,2.0,2.86,Poor,2.0,1.0499999999999998,1.5,1,0,0,0,1,1,0,1,0,0,0,1,0
0,0,1,1,1,1,5.0,3.0,0,0,3.0,3.68,Poor,1.4,1.23,1.67,1,0,1,0,0,1,0,0,0,1,0,1,0
0,0,1,1,1,0,2.0,2.0,0,0,2.0,2.66,Poor,1.0,1.1,1.0,1,0,0,0,1,0,1,0,0,1,0,1,0
0,0,1,0,1,0,3.0,1.0,1,0,2.0,2.68,Poor,1.0,1.08,3.0,1,0,1,0,0,1,0,0,0,1,0,1,0
0,0,1,0,0,0,3.0,2.0,1,0,2.0,2.89,Poor,1.0,1.08,1.5,0,1,1,0,0,1,0,1,0,0,0,1,0
0,0,1,1,0,0,3.0,3.0,1,0,5.0,2.81,Poor,0.6666666666666666,1.05,1.0,1,0,0,0,1,0,1,0,0,1,0,1,0
0,0,1,1,0,0,2.0,1.0,1,0,4.0,2.65,Poor,1.0,1.0799999999999998,2.0,1,0,0,1,0,1,0,0,0,1,0,1,0
0,0,1,0,1,0,3.5,4.0,0,0,2.0,3.45,Poor,1.4285714285714286,1.4000000000000004,0.88,1,0,1,0,0,1,0,0,0,1,0,1,0
0,0,1,0,0,0,3.0,2.0,1,0,2.0,3.47,Poor,0.3333333333333333,1.0900000000000003,1.5,1,0,1,0,0,0,1,1,0,0,0,1,0
0,0,0,0,1,0,2.0,2.0,1,0,1.0,3.73,Average,1.0,1.06,1.0,1,0,1,0,0,0,1,0,0,1,0,1,0
0,0,1,1,0,0,3.0,1.0,0,0,2.0,2.67,Poor,0.6666666666666666,1.1099999999999999,3.0,1,0,0,0,1,1,0,0,0,1,0,1,0
0,0,1,1,1,0,2.0,2.0,1,0,1.0,2.96,Poor,1.5,1.05,1.0,1,0,1,0,0,0,1,0,0,1,0,1,0
0,0,1,0,1,1,3.0,2.0,1,0,2.0,3.18,Poor,0.6666666666666666,1.2900000000000003,1.5,0,1,0,0,1,0,1,1,0,0,0,1,0
0,0,1,0,0,0,4.0,2.0,0,0,1.0,3.88,Poor,1.5,1.12,2.0,1,0,1,0,0,0,1,0,0,1,0,1,0
0,0,1,0,1,0,3.0,1.0,1,0,2.0,3.84,Average,1.0,1.08,3.0,1,0,0,0,1,1,0,0,0,1,0,1,0
1,0,1,0,1,0,5.0,3.0,1,0,1.0,3.87,Average,0.4,1.17,1.67,1,0,1,0,0,1,0,0,1,0,0,1,0
0,1,1,0,0,0,2.0,1.0,0,0,2.0,3.64,Average,1.5,1.08,2.0,1,0,0,0,1,0,1,0,0,1,0,1,0
0,0,1,1,0,0,1.0,1.0,1,0,1.0,2.84,Poor,2.0,1.0299999999999998,1.0,0,1,0,0,1,0,1,0,1,0,0,1,0
0,0,1,0,0,1,2.0,4.0,0,0,3.0,3.36,Poor,3.5,0.8300000000000001,0.5,1,0,0,1,0,0,1,0,0,1,0,1,0
0,0,1,1,1,0,2.0,1.0,1,0,2.0,3.57,Poor,3.5,1.0299999999999998,2.0,1,0,0,1,0,1,0,0,0,1,0,1,0
0,0,1,1,1,0,4.0,2.0,0,0,1.0,3.5,Poor,1.0,1.0499999999999998,2.0,1,0,0,0,1,0,1,0,1,0,0,1,0
1,1,1,0,0,0,7.0,3.0,0,0,4.0,4.0,Good,0.2857142857142857,1.0899999999999999,2.33,1,0,1,0,0,0,1,0,0,1,0,1,0
0,0,1,1,1,0,1.0,2.0,0,0,4.0,3.77,Poor,2.0,1.1,0.5,1,0,0,0,1,0,1,1,0,0,0,1,0
0,0,1,1,0,0,5.0,3.0,0,0,2.0,3.88,Poor,1.4,1.5499999999999998,1.67,1,0,0,0,1,1,0,0,1,0,0,0,1
0,0,1,0,1,0,1.0,2.0,1,0,4.0,3.91,Average,3.0,1.04,0.5,0,1,0,1,0,0,1,0,0,1,0,0,1
0,0,0,0,1,0,4.0,2.0,0,0,4.0,3.23,Poor,1.75,1.1400000000000001,2.0,0,1,1,0,0,1,0,0,0,1,0,0,1
0,0,1,1,1,0,3.0,3.0,1,0,2.0,2.73,Poor,1.0,1.06,1.0,0,1,0,0,1,0,1,0,1,0,0,0,1
0,0,1,0,1,0,1.0,1.0,1,0,1.0,2.39,Poor,7.0,1.2400000000000002,1.0,0,1,0,0,1,0,1,1,0,0,0,0,1
0,0,1,1,0,0,2.0,2.0,1,0,4.0,3.64,Average,1.5,1.08,1.0,1,0,1,0,0,0,1,0,0,1,0,0,1
0,0,0,0,0,0,3.0,2.0,0,0,3.0,2.94,Poor,1.0,0.95,1.5,1,0,0,1,0,1,0,0,0,1,0,0,1
1,0,1,0,1,0,6.0,4.0,0,1,3.0,3.8,Average,0.6666666666666666,1.02,1.5,1,0,0,0,1,1,0,0,0,1,0,0,1
0,0,1,0,1,0,3.0,2.0,0,0,1.0,3.3,Poor,2.3333333333333335,1.0899999999999999,1.5,1,0,0,0,1,1,0,0,0,1,0,0,1
0,0,1,0,0,0,3.0,3.0,0,0,1.0,2.51,Poor,1.0,1.0499999999999998,1.0,1,0,1,0,0,1,0,0,0,1,0,0,1
1,0,1,0,0,1,2.0,2.0,1,0,4.0,3.78,Poor,1.0,1.1099999999999999,1.0,1,0,0,0,1,1,0,1,0,0,0,0,1
0,0,0,1,0,0,5.0,3.0,0,0,2.0,3.78,Poor,1.4,1.46,1.67,0,1,0,0,1,1,0,0,0,1,0,0,1
0,0,1,0,1,0,4.0,2.0,0,0,3.0,3.41,Poor,1.75,1.19,2.0,1,0,0,0,1,0,1,0,1,0,0,0,1
0,0,1,1,0,0,4.0,2.0,0,0,1.0,2.97,Poor,1.75,1.0900000000000003,2.0,1,0,0,0,1,1,0,0,1,0,0,0,1
0,0,1,0,0,0,2.0,1.0,1,0,2.0,2.52,Poor,1.5,1.07,2.0,0,1,0,1,0,1,0,0,1,0,0,0,1
0,0,1,0,1,0,3.0,1.0,1,0,4.0,2.62,Poor,0.6666666666666666,1.08,3.0,1,0,1,0,0,0,1,0,0,1,0,0,1
0,0,1,1,1,0,3.0,3.0,0,0,1.0,3.86,Average,1.0,1.08,1.0,1,0,0,0,1,0,1,0,0,1,0,0,1
0,0,1,0,0,0,2.0,2.0,0,0,4.0,3.41,Poor,1.5,1.31,1.0,1,0,0,0,1,1,0,0,1,0,0,0,1
0,0,0,1,0,0,2.0,3.0,1,0,1.0,3.63,Average,1.0,1.06,0.67,1,0,1,0,0,0,1,0,0,1,0,0,1
0,0,1,0,1,0,5.0,2.0,0,0,1.0,3.59,Poor,0.8,1.15,2.5,1,0,0,0,1,0,1,0,0,1,0,0,1
0,0,1,0,0,0,3.0,1.0,1,1,1.0,2.77,Poor,0.6666666666666666,1.1,3.0,0,1,0,1,0,0,1,0,1,0,0,0,1
0,0,1,0,1,0,3.0,3.0,0,0,1.0,2.61,Poor,1.6666666666666667,1.0599999999999998,1.0,0,1,1,0,0,1,0,0,0,1,0,0,1
0,0,1,0,1,1,2.0,1.0,1,0,1.0,3.42,Poor,1.0,1.08,2.0,1,0,0,0,1,0,1,0,0,1,0,0,1
0,0,1,0,1,0,2.0,1.0,1,0,2.0,2.95,Poor,3.0,1.4100000000000001,2.0,1,0,0,1,0,0,1,0,1,0,0,0,1
0,0,1,1,0,0,4.0,3.0,0,0,2.0,3.03,Poor,1.25,1.0299999999999998,1.33,1,0,0,1,0,0,1,1,0,0,0,0,1
0,0,1,1,0,0,2.0,1.0,1,0,2.0,2.66,Poor,3.5,1.31,2.0,0,1,0,0,1,0,1,1,0,0,0,0,1
0,0,1,1,0,0,6.0,3.5,0,0,4.0,3.34,Average,0.5,0.6999999999999997,1.71,1,0,0,1,0,0,1,0,0,1,0,0,1
0,0,1,0,0,0,3.0,4.0,1,0,1.0,3.0,Poor,2.3333333333333335,1.3,0.75,1,0,0,0,1,1,0,1,0,0,0,0,1
0,0,1,0,0,0,3.0,2.0,0,0,5.0,3.93,Poor,2.3333333333333335,1.0300000000000002,1.5,0,1,0,0,1,0,1,0,0,1,0,0,1
0,0,1,1,0,0,5.0,2.0,0,0,3.0,3.1,Poor,1.2,1.2000000000000002,2.5,1,0,1,0,0,1,0,0,1,0,0,0,1
0,0,1,0,0,0,3.0,2.0,0,0,2.0,3.08,Poor,2.3333333333333335,1.0700000000000003,1.5,1,0,0,0,1,1,0,0,1,0,0,0,1
1,0,1,1,0,0,5.0,4.0,0,0,4.0,3.89,Poor,0.4,1.56,1.25,1,0,1,0,0,0,1,0,0,1,0,0,1
1,1,1,0,0,0,6.0,2.0,0,0,3.0,2.9,Poor,0.6666666666666666,1.2999999999999998,3.0,0,1,1,0,0,0,1,1,0,0,1,0,0
1,1,1,0,0,0,4.0,3.5,0,0,3.0,3.4,Average,0.75,0.73,1.14,0,1,0,0,1,0,1,0,0,1,1,0,0
0,1,1,1,1,0,2.0,1.0,0,0,4.0,2.8,Poor,0.5,1.7499999999999998,2.0,0,1,0,0,1,1,0,0,0,1,1,0,0
0,1,0,1,1,0,2.0,2.0,1,0,2.0,2.54,Poor,1.5,1.07,1.0,1,0,1,0,0,1,0,0,0,1,1,0,0
0,1,1,0,1,0,6.0,3.5,0,0,5.0,2.39,Poor,0.6666666666666666,-0.06000000000000005,1.71,1,0,0,1,0,1,0,0,0,1,1,0,0
0,1,1,0,0,0,3.0,3.0,0,0,4.0,2.8,Poor,0.6666666666666666,0.9299999999999997,1.0,0,1,1,0,0,0,1,0,0,1,1,0,0
0,1,1,0,0,0,3.0,2.0,0,0,1.0,3.47,Poor,2.3333333333333335,1.1400000000000001,1.5,0,1,0,0,1,0,1,1,0,0,1,0,0
0,1,1,0,0,0,1.0,3.0,1,0,2.0,3.92,Average,2.0,1.02,0.33,1,0,1,0,0,1,0,0,0,1,1,0,0
0,1,1,0,0,0,3.0,1.0,1,0,3.0,2.63,Poor,1.6666666666666667,0.8499999999999999,3.0,1,0,1,0,0,1,0,1,0,0,1,0,0
0,1,1,0,0,0,4.0,2.0,0,0,2.0,3.91,Poor,1.75,1.1400000000000001,2.0,1,0,1,0,0,0,1,0,0,1,1,0,0
0,1,1,0,0,0,4.0,2.0,0,0,2.0,3.03,Poor,1.25,1.0499999999999998,2.0,1,0,1,0,0,0,1,0,0,1,1,0,0
0,1,1,1,1,0,5.0,2.0,0,0,2.0,2.65,Poor,1.4,1.22,2.5,0,1,0,1,0,1,0,1,0,0,1,0,0
1,1,1,0,0,0,5.0,4.0,0,0,3.0,3.96,Average,0.6,1.19,1.25,1,0,1,0,0,0,1,0,0,1,0,1,0
1,1,1,0,0,0,2.0,2.0,1,0,4.0,3.9,Poor,1.5,1.0899999999999999,1.0,0,1,1,0,0,0,1,1,0,0,0,1,0
0,1,1,0,0,1,3.0,1.0,0,0,2.0,3.2,Poor,1.0,1.1,3.0,0,1,0,0,1,1,0,1,0,0,0,1,0
0,1,1,0,1,0,2.0,2.0,1,0,4.0,2.92,Poor,1.0,1.0499999999999998,1.0,1,0,0,0,1,1,0,1,0,0,0,1,0
1,1,1,1,1,1,1.0,2.0,0,0,1.0,3.74,Poor,7.0,1.1600000000000001,0.5,1,0,0,0,1,0,1,0,0,1,0,1,0
0,1,1,1,0,0,3.0,1.0,1,0,2.0,2.82,Poor,2.3333333333333335,1.0499999999999998,3.0,1,0,0,0,1,1,0,0,1,0,0,1,0
0,1,1,1,0,0,3.0,1.0,1,0,3.0,3.33,Poor,2.3333333333333335,1.17,3.0,1,0,0,0,1,0,1,0,0,1,0,1,0
1,1,0,0,1,1,1.0,1.0,0,0,3.0,3.81,Average,2.0,1.2800000000000002,1.0,1,0,1,0,0,0,1,0,0,1,0,1,0
0,1,1,1,0,0,3.0,4.0,0,0,2.0,3.64,Average,1.0,0.8900000000000001,0.75,1,0,1,0,0,0,1,0,0,1,0,1,0
0,1,1,1,1,0,3.0,2.0,0,0,1.0,3.15,Poor,2.3333333333333335,1.1400000000000001,1.5,0,1,1,0,0,0,1,1,0,0,0,1,0
1,1,1,1,1,0,6.0,3.0,0,0,3.0,3.8,Average,0.5,1.0299999999999998,2.0,0,1,0,0,1,0,1,0,1,0,0,1,0
0,1,1,0,0,0,3.0,2.0,0,0,2.0,3.16,Poor,2.3333333333333335,1.12,1.5,0,1,0,0,1,1,0,0,1,0,0,1,0
1,1,1,1,0,0,5.0,3.0,0,0,2.0,3.13,Poor,0.8,1.12,1.67,0,1,0,0,1,0,1,1,0,0,0,1,0
0,1,1,1,1,0,3.0,2.0,0,0,4.0,2.93,Poor,1.0,1.06,1.5,0,1,0,1,0,1,0,1,0,0,0,1,0
1,1,1,0,1,0,6.0,2.0,0,0,1.0,3.11,Poor,0.5,1.0899999999999999,3.0,1,0,1,0,0,0,1,0,0,1,0,1,0
0,1,1,1,1,0,4.0,2.0,0,0,2.0,2.97,Poor,1.5,0.9900000000000002,2.0,1,0,0,0,1,1,0,1,0,0,0,1,0
0,1,1,0,1,0,3.0,2.0,0,0,1.0,3.79,Average,1.6666666666666667,1.23,1.5,0,1,1,0,0,0,1,0,0,1,0,1,0
0,1,1,0,1,0,3.0,1.0,1,0,1.0,2.66,Poor,0.6666666666666666,1.12,3.0,0,1,0,0,1,0,1,0,0,1,0,1,0
0,1,1,0,1,0,3.0,3.0,0,0,1.0,2.65,Poor,0.3333333333333333,1.0899999999999999,1.0,1,0,0,0,1,1,0,0,0,1,0,1,0
0,1,1,1,1,0,3.0,2.0,0,0,1.0,2.98,Poor,1.0,1.1,1.5,1,0,0,1,0,0,1,1,0,0,0,1,0
0,1,0,0,0,1,1.0,2.0,0,0,2.0,3.8,Average,2.0,1.04,0.5,1,0,0,0,1,1,0,0,0,1,0,1,0
0,1,1,1,1,0,3.0,2.0,0,0,2.0,2.97,Poor,0.6666666666666666,1.4100000000000001,1.5,1,0,0,0,1,1,0,0,1,0,0,1,0
0,1,1,0,1,1,1.0,1.0,1,0,1.0,2.35,Poor,7.0,1.11,1.0,0,1,0,0,1,1,0,1,0,0,0,1,0
0,1,1,1,1,0,5.0,2.0,0,0,2.0,2.92,Poor,0.8,0.97,2.5,0,1,1,0,0,0,1,0,0,1,0,1,0
0,1,1,0,1,1,1.0,1.0,1,0,2.0,2.7,Poor,2.0,1.0500000000000003,1.0,1,0,1,0,0,0,1,1,0,0,0,1,0
0,1,1,0,0,0,3.0,2.0,1,0,1.0,2.35,Poor,2.3333333333333335,1.24,1.5,0,1,0,0,1,0,1,0,0,1,0,1,0
0,1,1,0,0,0,1.0,2.0,0,0,2.0,2.82,Poor,7.0,1.1099999999999999,0.5,1,0,0,0,1,1,0,1,0,0,0,1,0
1,1,1,1,1,0,4.0,2.0,1,0,5.0,2.99,Poor,1.25,1.6600000000000001,2.0,0,1,0,0,1,1,0,0,0,1,0,1,0
0,1,0,1,1,0,2.0,1.0,1,0,2.0,3.63,Average,1.5,1.0699999999999998,2.0,1,0,0,0,1,1,0,0,0,1,0,1,0
1,1,1,0,0,0,4.0,2.0,0,0,2.0,3.97,Average,0.75,1.1600000000000001,2.0,1,0,0,0,1,1,0,0,0,1,0,1,0
1,1,1,0,0,0,2.0,1.0,0,0,1.0,3.81,Average,0.5,1.08,2.0,1,0,1,0,0,1,0,0,0,1,0,1,0
0,1,1,0,0,0,7.0,3.0,0,0,1.0,2.9,Poor,0.42857142857142855,1.02,2.33,1,0,0,0,1,0,1,0,0,1,0,1,0
1,1,1,0,1,0,2.0,3.0,0,0,3.0,3.68,Poor,1.5,1.35,0.67,0,1,0,1,0,0,1,0,0,1,0,1,0
0,1,1,1,0,1,3.0,2.0,0,0,2.0,3.45,Poor,1.6666666666666667,1.23,1.5,0,1,0,0,1,1,0,0,0,1,0,1,0
0,1,1,0,0,0,2.0,1.0,0,0,2.0,2.53,Poor,1.5,1.0799999999999998,2.0,1,0,1,0,0,1,0,1,0,0,0,1,0
0,1,1,0,1,1,4.0,2.0,0,0,1.0,2.82,Poor,0.75,1.0599999999999998,2.0,0,1,0,0,1,1,0,0,0,1,0,1,0
1,1,1,1,1,1,5.0,3.0,0,0,2.0,3.79,Average,0.6,1.13,1.67,1,0,0,0,1,0,1,0,0,1,0,1,0
0,1,1,1,1,0,2.0,2.0,1,0,2.0,3.6,Poor,1.0,1.0500000000000003,1.0,1,0,0,0,1,1,0,1,0,0,0,1,0
0,1,1,1,0,0,4.0,2.0,0,0,4.0,3.78,Average,0.75,1.0699999999999998,2.0,1,0,0,0,1,0,1,0,0,1,0,1,0
0,1,1,0,0,1,3.0,1.0,0,0,3.0,3.19,Poor,2.3333333333333335,0.9699999999999998,3.0,1,0,0,0,1,1,0,0,0,1,0,1,0
0,1,1,0,1,0,1.0,1.0,1,1,1.0,2.88,Poor,7.0,0.9299999999999999,1.0,0,1,0,0,1,1,0,0,1,0,0,1,0
1,1,1,1,0,0,2.0,2.0,0,0,2.0,3.56,Average,0.5,0.79,1.0,0,1,0,0,1,0,1,0,0,1,0,1,0
1,1,1,0,1,0,7.0,2.0,0,0,2.0,3.93,Average,0.2857142857142857,1.1800000000000002,3.5,1,0,1,0,0,1,0,0,0,1,0,1,0
1,1,1,1,0,0,6.0,3.5,0,0,6.0,3.78,Poor,1.0,1.17,1.71,1,0,0,0,1,1,0,0,0,1,0,1,0
0,1,1,1,0,0,6.0,2.0,1,0,1.0,2.65,Poor,0.6666666666666666,1.2999999999999998,3.0,0,1,1,0,0,0,1,1,0,0,0,1,0
0,1,1,0,0,0,1.0,3.0,1,0,1.0,3.56,Poor,2.0,1.12,0.33,1,0,1,0,0,1,0,0,0,1,0,1,0
0,1,1,1,1,1,4.0,3.0,0,0,1.0,2.64,Poor,0.5,1.08,1.33,1,0,1,0,0,1,0,0,0,1,0,1,0
0,1,1,1,0,0,3.0,3.0,0,0,1.0,2.84,Poor,0.6666666666666666,1.0799999999999998,1.0,1,0,1,0,0,1,0,0,0,1,0,1,0
0,1,1,1,1,0,5.0,3.0,0,0,2.0,3.13,Poor,1.2,1.23,1.67,1,0,0,0,1,0,1,1,0,0,0,1,0
0,1,1,1,0,0,4.0,2.0,0,0,3.0,3.05,Poor,1.5,1.0599999999999998,2.0,1,0,0,0,1,0,1,0,0,1,0,1,0
0,1,1,0,0,0,1.0,2.0,1,0,2.0,3.55,Poor,2.0,1.1199999999999997,0.5,1,0,0,0,1,0,1,1,0,0,0,1,0
0,1,1,0,0,1,5.0,1.0,0,0,2.0,2.74,Poor,0.4,1.0700000000000003,5.0,1,0,0,1,0,1,0,0,0,1,0,1,0
1,1,1,0,0,0,4.0,1.0,1,0,1.0,3.83,Average,0.5,1.0500000000000003,4.0,1,0,0,0,1,0,1,0,0,1,0,1,0
1,1,1,0,0,1,3.0,4.0,0,0,3.0,2.95,Poor,2.0,1.1400000000000001,0.75,1,0,1,0,0,1,0,0,0,1,0,1,0
1,1,1,0,1,0,7.0,4.0,0,0,3.0,3.97,Good,0.2857142857142857,1.06,1.75,1,0,1,0,0,0,1,0,0,1,0,1,0
0,1,1,0,0,0,3.0,1.0,0,0,1.0,3.57,Average,1.6666666666666667,0.9199999999999999,3.0,0,1,0,1,0,1,0,0,0,1,0,1,0
0,1,1,1,0,1,4.0,2.0,0,0,2.0,3.65,Poor,1.5,1.42,2.0,0,1,0,0,1,0,1,0,1,0,0,1,0
0,1,1,0,0,1,3.0,1.0,0,0,3.0,3.28,Poor,2.0,1.15,3.0,0,1,0,1,0,0,1,0,0,1,0,1,0
1,1,1,1,1,0,5.0,3.0,0,0,2.0,3.85,Average,1.0,1.19,1.67,1,0,0,0,1,0,1,0,0,1,0,1,0
0,1,0,1,1,0,3.0,3.0,0,0,4.0,3.9,Average,1.0,1.0299999999999998,1.0,0,1,0,0,1,0,1,0,0,1,0,1,0
0,1,1,1,1,1,2.0,2.0,0,0,3.0,3.75,Poor,1.5,1.1,1.0,0,1,0,0,1,1,0,1,0,0,0,1,0
0,1,0,0,1,0,2.0,3.0,0,0,2.0,2.51,Poor,0.5,1.13,0.67,0,1,0,0,1,0,1,0,0,1,0,1,0
1,1,0,1,0,0,5.0,3.0,0,0,2.0,3.45,Poor,1.4,1.2600000000000002,1.67,0,1,0,0,1,0,1,0,0,1,0,1,0
0,1,0,0,0,0,3.0,1.0,0,0,3.0,3.46,Poor,2.0,1.35,3.0,1,0,0,0,1,0,1,0,1,0,0,1,0
0,1,1,0,1,0,1.0,2.0,1,0,4.0,2.8,Poor,2.0,1.0199999999999998,0.5,1,0,0,1,0,0,1,1,0,0,0,1,0
0,1,1,0,0,0,3.0,2.0,0,0,2.0,3.76,Poor,1.6666666666666667,1.3099999999999996,1.5,1,0,0,0,1,1,0,0,0,1,0,1,0
0,1,1,0,1,0,2.0,3.0,1,0,4.0,3.7,Average,1.0,1.0300000000000002,0.67,1,0,0,0,1,0,1,0,0,1,0,1,0
1,1,1,1,1,0,3.0,3.0,1,0,2.0,3.77,Average,0.6666666666666666,1.1600000000000001,1.0,0,1,0,1,0,0,1,0,0,1,0,1,0
1,1,1,1,0,0,6.0,4.0,0,0,3.0,2.81,Poor,1.0,1.2,1.5,0,1,0,0,1,0,1,0,1,0,0,1,0
0,1,1,1,0,0,1.0,1.0,0,0,1.0,3.89,Average,5.0,1.0,1.0,1,0,0,1,0,1,0,0,0,1,0,1,0
0,1,1,0,1,0,2.0,2.0,1,0,4.0,2.71,Poor,1.5,1.03,1.0,1,0,0,1,0,0,1,0,0,1,0,1,0
0,1,1,1,1,0,1.0,1.0,0,0,2.0,2.7,Poor,3.0,1.0700000000000003,1.0,1,0,1,0,0,1,0,0,0,1,0,1,0
0,1,1,1,0,0,2.0,1.0,0,0,3.0,2.64,Poor,1.0,1.08,2.0,1,0,1,0,0,0,1,0,0,1,0,1,0
0,1,1,1,1,0,4.0,1.0,1,0,4.0,3.8,Average,0.5,1.0499999999999998,4.0,1,0,0,0,1,1,0,0,0,1,0,1,0
1,1,0,0,0,0,6.0,3.0,0,0,3.0,3.95,Average,0.5,1.3900000000000001,2.0,1,0,1,0,0,0,1,0,0,1,0,1,0
0,1,1,0,0,0,2.0,3.0,1,0,4.0,3.66,Average,0.5,1.1,0.67,1,0,0,0,1,0,1,0,0,1,0,1,0
0,1,1,0,1,0,5.0,2.0,1,0,4.0,2.89,Poor,0.6,1.1300000000000001,2.5,1,0,0,0,1,1,0,0,0,1,0,1,0
0,1,1,0,1,0,2.0,2.0,1,0,1.0,3.91,Average,1.5,1.04,1.0,1,0,0,0,1,1,0,0,1,0,0,1,0
0,1,1,0,1,0,3.0,1.0,0,0,4.0,2.63,Poor,0.6666666666666666,1.0699999999999998,3.0,1,0,0,1,0,1,0,1,0,0,0,1,0
1,1,1,1,1,1,2.0,1.0,0,0,2.0,3.88,Average,2.0,1.31,2.0,1,0,0,0,1,1,0,0,0,1,0,1,0
0,1,1,0,1,0,4.0,2.0,0,0,2.0,2.63,Poor,0.75,1.13,2.0,0,1,1,0,0,0,1,0,1,0,0,1,0
0,1,1,0,0,0,3.0,3.0,0,0,2.0,3.6,Average,0.3333333333333333,1.0500000000000003,1.0,1,0,0,0,1,1,0,0,0,1,0,1,0
1,1,1,1,1,0,5.0,2.0,0,0,2.0,3.89,Average,0.8,1.33,2.5,1,0,1,0,0,0,1,0,0,1,0,1,0
1,1,0,1,1,0,6.0,3.0,0,0,1.0,3.94,Average,0.3333333333333333,1.0699999999999998,2.0,0,1,1,0,0,0,1,0,0,1,0,1,0
0,0,0,1,1,0,1.0,2.0,0,0,2.0,3.78,Poor,5.0,1.2999999999999998,0.5,1,0,1,0,0,1,0,0,0,1,0,1,0
0,1,1,0,0,0,1.0,1.0,0,0,1.0,2.65,Poor,7.0,1.2999999999999998,1.0,1,0,1,0,0,1,0,0,0,1,0,1,0
0,1,1,0,0,0,5.0,2.0,0,0,2.0,2.98,Poor,1.4,1.42,2.5,0,1,1,0,0,0,1,0,0,1,0,1,0
0,1,1,1,1,0,4.0,3.0,1,0,2.0,2.45,Poor,1.0,0.7900000000000003,1.33,1,0,0,0,1,0,1,1,0,0,0,1,0
0,1,0,1,0,1,2.0,2.0,0,0,2.0,2.91,Poor,1.5,1.05,1.0,1,0,1,0,0,0,1,0,0,1,0,1,0
0,1,1,0,0,0,4.0,3.0,0,0,2.0,3.83,Average,0.75,1.06,1.33,1,0,0,0,1,1,0,0,0,1,0,1,0
0,1,1,0,0,0,1.0,2.0,1,0,1.0,3.9,Poor,3.0,1.0899999999999999,0.5,1,0,0,0,1,1,0,1,0,0,0,1,0
1,1,1,0,1,0,2.0,1.0,1,0,2.0,3.81,Average,1.5,1.06,2.0,1,0,1,0,0,0,1,0,0,1,0,1,0
0,1,1,1,1,0,5.0,1.0,0,0,4.0,2.63,Poor,0.6,1.0699999999999998,5.0,1,0,1,0,0,1,0,1,0,0,0,1,0
1,1,1,0,0,0,2.0,1.0,0,0,1.0,3.98,Poor,3.0,1.0699999999999998,2.0,1,0,0,0,1,0,1,0,0,1,0,1,0
0,1,0,0,0,0,2.0,2.0,0,0,2.0,2.63,Poor,1.0,1.0899999999999999,1.0,1,0,1,0,0,0,1,1,0,0,0,1,0
0,1,1,0,0,0,3.0,3.0,1,1,4.0,2.83,Poor,1.0,1.05,1.0,1,0,0,0,1,1,0,0,0,1,0,1,0
1,0,1,1,1,0,7.0,1.0,1,0,1.0,3.88,Poor,1.0,0.98,7.0,0,1,1,0,0,0,1,1,0,0,0,1,0
0,1,1,0,1,1,3.0,1.0,1,0,4.0,3.75,Poor,1.0,1.08,3.0,1,0,0,1,0,0,1,1,0,0,0,1,0
0,1,0,0,0,0,4.0,2.0,0,0,1.0,3.45,Poor,1.25,1.12,2.0,0,1,0,0,1,0,1,0,0,1,0,1,0
0,1,1,0,1,0,3.0,3.0,0,0,4.0,3.56,Poor,1.0,0.8000000000000003,1.0,1,0,0,0,1,1,0,1,0,0,0,0,1
0,1,1,0,0,0,5.0,2.0,1,0,2.0,2.76,Poor,1.4,1.5299999999999998,2.5,0,1,0,0,1,1,0,1,0,0,0,0,1
0,1,1,0,0,0,2.0,3.0,1,0,4.0,3.48,Poor,1.5,1.13,0.67,0,1,0,0,1,0,1,1,0,0,0,0,1
0,1,1,1,0,0,4.0,3.0,1,0,2.0,2.48,Poor,0.75,1.14,1.33,1,0,0,0,1,0,1,0,1,0,0,0,1
1,1,1,1,0,0,6.0,3.0,0,0,2.0,3.12,Poor,0.5,1.0500000000000003,2.0,1,0,0,0,1,0,1,0,0,1,0,0,1
0,1,1,0,1,0,4.0,1.0,1,0,1.0,3.6,Average,0.5,1.04,4.0,0,1,1,0,0,1,0,0,0,1,0,0,1
0,1,1,1,0,0,3.0,1.0,0,0,2.0,2.8,Poor,0.6666666666666666,1.0299999999999998,3.0,1,0,0,1,0,0,1,1,0,0,0,0,1
0,1,1,0,0,0,3.0,2.0,1,1,4.0,3.77,Poor,1.0,1.1,1.5,1,0,0,1,0,1,0,1,0,0,0,0,1
0,1,1,1,1,0,2.0,1.0,0,0,4.0,2.93,Poor,1.5,1.07,2.0,1,0,0,1,0,1,0,0,0,1,0,0,1
0,1,1,1,1,0,1.0,2.0,1,0,4.0,2.94,Poor,3.0,1.0699999999999998,0.5,1,0,0,0,1,1,0,0,0,1,0,0,1
0,1,1,1,0,1,2.0,1.0,1,0,2.0,2.78,Poor,3.5,1.5599999999999998,2.0,0,1,0,0,1,0,1,0,1,0,0,0,1
0,1,1,1,1,0,3.0,3.0,1,0,4.0,2.54,Poor,0.6666666666666666,1.1400000000000001,1.0,1,0,0,0,1,1,0,0,0,1,0,0,1
0,1,1,1,1,0,3.0,3.0,0,0,2.0,2.83,Poor,0.3333333333333333,1.05,1.0,0,1,0,0,1,0,1,0,0,1,0,0,1
0,1,1,1,0,0,4.0,3.0,0,0,4.0,2.85,Poor,0.75,1.08,1.33,1,0,0,0,1,0,1,0,1,0,0,0,1
0,1,0,0,0,1,5.0,3.0,0,0,1.0,3.66,Average,1.0,1.1100000000000003,1.67,1,0,1,0,0,0,1,0,0,1,0,0,1
0,1,1,0,0,1,1.0,2.0,0,0,1.0,3.88,Average,2.0,1.23,0.5,1,0,1,0,0,1,0,0,0,1,0,0,1
1,1,1,1,1,0,5.0,3.0,1,0,2.0,3.9,Poor,0.6,1.0899999999999999,1.67,1,0,0,0,1,1,0,1,0,0,0,0,1
0,1,1,1,1,0,2.0,2.0,0,0,2.0,3.44,Poor,1.5,1.1,1.0,1,0,0,0,1,0,1,0,0,1,0,0,1
0,1,1,0,1,0,2.0,1.0,1,0,4.0,3.43,Poor,1.5,1.08,2.0,1,0,1,0,0,0,1,0,0,1,0,0,1
0,1,1,0,1,0,1.0,2.0,1,0,2.0,3.77,Poor,2.0,1.12,0.5,0,1,0,1,0,1,0,1,0,0,0,0,1
1,1,1,1,1,0,4.0,4.0,1,0,2.0,2.22,Poor,1.0,-0.2799999999999998,1.0,1,0,0,1,0,1,0,0,0,1,0,0,1
0,1,0,0,1,0,3.0,3.0,1,0,2.0,2.78,Poor,0.6666666666666666,1.2199999999999998,1.0,1,0,0,1,0,0,1,0,0,1,0,0,1
0,1,1,1,0,0,5.0,3.0,0,0,4.0,2.52,Poor,0.6,1.12,1.67,1,0,0,0,1,1,0,0,0,1,0,0,1
0,1,1,0,1,0,3.0,2.0,0,0,1.0,2.88,Poor,1.6666666666666667,1.5399999999999998,1.5,0,1,0,0,1,1,0,0,0,1,0,0,1
